"titles","pros","cons","toceo"
"""좋은 워라벨을 보장하는 훌륭한 문화의 기업이고 최고의 복지를 자랑한다""","휴가 마음대로 쓸 수 있음. 복지 최고. 연봉 준수함. 인센티브 매년 나옴. 교육기회 다양하고 서로 존중하는 문화","통신시장이 줄어들고 있어서 미래비전이 밝지 않으며 신사업 발굴에 계속 실패하는 중","새로운 성장동력을 빨리 찾아서 기업이 더 커나갈 수 있도록 해주면 좋겠다"
"""좋은 동료들과 상호작용하며 얻는 것이 많음""","합리적이고자 노력하는 기업문화, 철저한 신입 채용을 거쳐 뽑힌 좋은 동료들, 안정적인 수익구조가 주는 안정감","모바일 시대에 대응이 느려서 지난 시간동안 많은 좋은 기회들을 놓친 것","잘 보이려하기보다 진짜 일을 해내는 훌륭한 동료들이 지치지 않게 잘 끌어주시고 응원해주세요!"
"""훌륭한 스펙의 동료들과 수평적인 분위기 속에서 일할 수 있는 곳""","급여가 높고, SK그룹 내에서 복지도 매우 좋은 편이다.","불필요한 회의를 위한 보고서를 작성해야 하는 경우가 많다.","임원들을 위한 불필요한 보고서 문화 폐지를 통해 업무 효율화"
"""대기업답게 몸이 편하고 복지혜택이 잘 되있으나 잦은 조직개편과 t타워내 인사이동이 심함""","사업기반이 안정적이고 복지 및 각종 서비스와 혜택, 지원사업이 잘 되어있음 자율출퇴근","기업문화 자체는 개방적이나 팀장위주의 수직적 문화는 어쩔수없는듯","인사이동이 잦은 부서는 문제의 원인을 파악해 해결해주었으면 좋겠음"
"""오르진 않지만 통신업계 중 연봉은 상위
기업문화도 나쁘지 않음""","자율퇴근제가 좋고
구내식당도있음
을지로에 있어 주변 근무환경도 좋음","업무가 년단위로 바뀌는 경향이 있어 스페셜리스트가 되기에는 한계가 존재","음..의사결정 시 올 한해가 아닌 장기적인 관점에서 의사결정 해주시길"
"""업계내 탑티어 연봉 수평적 조직문화 미래먹거리는 과연?""","수평적인 사무실 분위기 높은 초봉에 자부심 느끼며 다닐만함","큰 불만 없이 다녔으나 여자들은 확실히 승진에서 밀리는 경향 있음","신규사업에 좀 더 비전을 갖고 투자를 했으면 좋겠음. 사업구조 개편도 필요"
"""복지와 처우가 좋은 회사로 안정적으로 다닐 수 있는 회사 입니다.""","좋은 복지와 비교적 높은 연봉에 자율 출퇴근이 가능한 회사 입니다.","부서와 조직마다 업무 환경이 조금씩 다르며, 업무 강도도 심한 곳과 덜한 곳 차이가 큽니다.","업무 환경과 업무 강도가 밸런스 가능하도록 회사 차원에서 추진했으면 합니다."
"""워라밸이 좋아 저녁에 개인 시간을 가질수있음. 복지도 좋음.""","근무유연으로 워라밸이 좋습니다. 자유롭게 다닐 수 있는 장점이 있습니다.","팀마다 팀장님마다 분위기가 달라짐. 약간 독재적인 면이 있음.","구내식당이 있으나 좀 더 맛에 신경쓰면 좋겠습니다....."
"""업무강도 낮고 복지가 좋아서 오래다니기 좋은 곳입니다
근속 연수가 길고 내부 경쟁도 타 회사만큼 치열하진 않아서 경력직 분들이 오시면 만족하는 듯 합니다.""","기업문화가 유연하고 수평적인 편입니다
대부분 팀원들을 함께 안고가는 분위기라서 너무 모나거나 튀지 않으면 무난하게 다니는 것 같습니다.
연봉도 대기업 중에서도 높은 편이고 안정적인 회사라서 국내 직장 중에서는 몇 없는 좋은 직장 입니다","산업이 다소 정체되어있다보니 내부에 일로서 성장할 수 있는 기회가 매우 적고 분위기도 다소 보수적인 공무원 문화라고 할 수 있습니다.
팀에 따라 야근이 심한 부서도 있고 정치가 매우 심한 곳도 있으나 이 정도는 다른 기업도 비슷할 듯 합니다.","보수적인 사내 문화를 바꿔서 보다 활력있는 분위기를 만들어야 향후에도 지속적으로 좋은 인력들이 투입되어 장기적으로 성장하는 회사가 될 것 같습니다"
"""새로운 일을 할 기회가 많지 않은 곳. 기획은 중요하나 실행이나 운영업무의 중요성은 간과되고 있어 상품서비스들이 살아남기 어려움""","복지, 연봉, 나쁘지 않은 문화(그러나 아직도 개선의 여지는 많음)","보고서작성이 실무보다도 더 중요한 업무처럼 여겨짐
인수인계절벽, 조직간 사일로, 커리어유지 어려움","서비스 런칭후에 육성을 위한 노력과 시간이 필요하다는 점을 인지해야한다."
"""대기업의 경직된 환경과 스타트업의 활기를 동시에 느꼈음""","TF팀의 아르바이트였는데, 팀원들이 인격적으로 대해주심.
점심값이 거의 안 들었음.
지하철 역과 가깝고, 교통편이 좋음.","팀원 외 사무실에 근무하는 직원분들과는 거의 이야기를 안 함.
조금 삭막했음.","직원들은 수평적 문화인데, 임원진들은 그렇지 않아 보임."
"""비교적 수평적 사내 분위기 소통이 가능한 곳, 복지 탄탄""","대기업, 복지 좋음, 자유로운 사내 분위기, 계약직 차별 적음","업무 강도 빡 쎔(정규직 기준), 개노답인 리더 몇명 있음","개노답 리더들 좀 어케 걸러봐요.... 그리고 지역 본부도 좀 돌아보길..."
"""워라밸이 좋음. 복지가 좋음. 네임밸류가 높아 다니면서 주변의 달라진 인식을 느낄수 있음.""","진정한 자율근무제가 시행되는 곳. 다만 팀마다 분위기는 다를 수 있음.","IT회사라기에는 시스템 및 리더쉽의 부재가 큼. 개발자로 성장하기에는 한계가 있음. 잦은 조직 개편으로 의외로 구성원들의 불안감이 높음.","특정 분야에서는 한계를 인정하고 사업을 차근차근 전개해나갈 필요가 있음. 모든 사업이 시작만 하면 자기네가 일류라고 함. 이런 경영진의 인지부조화가 일을 망쳐 먹고 있음."
"""연봉과 복지는 만족, 그러나 주먹구구식 운영으로 불안함은 커져간다""","국내 1위 통신사로서의 입지를 바탕으로 안정적인 연봉과 복지 그리고 국내 기업문화로선 최고 수준","규제산업인 통신업이기에 어쩔 수 없이 다음 먹거리를 찾아야하는데 마땅한 먹거리가 없어보이며 시시각각 변하는 상황으로 불안함","말도 안되는 사업에 집중하지말고 돈이될만한 먹거리를 먼저 찾았으면.."
"""좋은처우와 유연한 문화 성장에 대한 갈증은 숙제""","연월차휴가 자유로움.유연한분위기 똑똑한 사람들 좋은 복리후생","보고서 작업 많음 외주많음 내부에 인력적체 심화 지나친 조직간 사일로","새로운 성장동력을 빠르게 발굴해야할 필요 안정적이기는 하나 성장이 부족"
"""사회적 공헌을 많이 하는 기업이라고 할 수 있습니다. 일하게 되신다면 후회안할듯""","회사 사내 복지가 뛰어남. 직원들 간의 단결이 잘 됨.","단점은 딱히 보이지 않았습니다. 그래서 쓸 말이 없네요.","앞으로도 더욱 더 노력해서 SK의 미래를 책임 져 주세요."
"""1등기업은 다르다 복지 연봉면에서 확실히 최고이긴한듯
왜 들어오고 싶어하는 회사인지 알게됨""","연차 전날 올리기만 하면 아무 때나 가능
휴대전화 및 요금제 무료제공
그외 많은 복지 및 연봉","지방을 삼년갔다와야된다는점
서울에 다시 돌아오면 신입급","신입지방파견에 대하여 이견이 있는거같은데
공평성을 위해 확실한 방향을 제시해주길"
"""성장이 아쉽지만 인정적인 균형을 이루고 있음 미래가 살짝 불투명 하지만 저력이 있다고 생각""","탐탄한 복지 급여 기업문화 뛰어난 인재들이 많음 전통적 지배덕 사업구ㅗ","정체된 성장 미래 먹거리의 부족 다소 우물안 개구리식 안일한 태고의 일부구성원","미래 성장 산업을 발굴해 주세요 그리고 좀 더 에자일한 기업문화를 만들어 주세요"
"""무능력한 CEO로 인해 미래는 어두울 것으로 예상""","타기업에 비해 사내문화, 연봉 만족할만한 수준입니다.
꼰대팀만 걸리지 않는다면 편하게 회사생활 할 수 있어요.","수평문화가 무엇인지 이해를 못하고 있는 기업.
꼰대문화, 인사철만 되면 줄타기 바쁨.","능력없는 사람 뽑아 줄타기 그만하고 회사의 발전을 위해 윗물좀 바꾸길.."
"""회사 분위기는 좋음. 회의도 개방적인 분위기에서 진행하며
출퇴근 거리도 서울 중심에 있어 지하철이동시 편리함""","회사 문화적인 측면에는 잘되어있다고 볼수있다.
임원분들도 해외파출신들이 대다수 이며
나이불문하고 젊은층이 많은 회사임....","젊은사람들이 많다보니, 조직간의 예의가 없는거 같음
특히 신입사원들은 분위기에 적응하고 해야하는데
그런게 많이 부족하며, 특히 여자팀장들이 문제임","모든 조직원들에게 정당하게 업무 배분하였으면 좋겠다
일도 하는사람만 하고 안하는사람은 그냥 앉아서 놀다가 시간떼우고 집에가는
일안하는 부장급들이 몇몇 있음"
"""대기업이라는 장점이 있으며, 복지도 좋은건 인정합니다""","대기업의 장점으로 복지와 각종 혜택이 많아 좋습니다. 그리고 회사의 위치도 좋아서 편리하고 좋습니다.","어느기업이나 마찬가지겠지만 딱딱한 조직이며, 일이 엄청 많음. 시대를 따라가지 못하는 느낌이 강함. 대기업다운 구조임","너무 꼰대처럼 굴지 않았으면 하는 마음 수평적인 구조로 일했으면 하는 마음"
"""회사 다니기 좋은 환경 복지가 생각이상으로 좋음 연봉외에 들어오는게 많음""","복지좋음 연봉높음 직원이 누릴 수 있는 혜택이 다양함 노도 좋음","윗사람들의 무능력함 일하는 사람만 함
무능력하나 자리만 지키는 사람들이 많이서 팀에서 실상 일하는 사람은 한두명","윗물을 갈아야함
철저한 성과주의로 가야하고 실적을 날치기하는 일이 없어야함"
"""말뿐이 아닌 선택근로제, 자유롭지만 그만큼의 책임이 요구되는 곳""","선택근로제여서 출퇴근이 자유로웠음, 을지로에 있는 AI센터 계약직이었는데 파견직까지도 8~10시 사이 출근하고 주 40시간만 지키면 됨. 야근 강요 안하는 데 업무에 따라 다른 듯. 수평적인 분위기, 안마의자에 도서관, 넓고 깨끗한 사내식당, 헬스 센터 다 이용 가능하고 사내복지 다 마음에 들었음","딱히 시스템적인 문제는 느끼지 못했으나 프로젝트 단위 부서가 많아 소속이 자꾸 바뀜...? 모르는 사이에 팀명이 바뀌어 있어서 놀랐음. 하지만 딱히 계약직으로 불편한 점은 많지 않았음","구성원들의 의견을 적극적으로 들으려는 내부 시스템이 잘 마련되어 있어 좋았음. 앞으로도 이렇게 해 나갔으면 함."
"""최고의 복지수준 최고의 직업만족도. 업무강도역시 버겁지 않다.""","통신사 1위의 자부심. 높은 연봉. 그에 걸맞는 복지까지 주어집니다","내부에서 젊은 피를 수혈받아 좀더 영한 조직으로 탈바꿈하고자 합니다만, 아직 갈 길이 먼듯 합니다.","젊고 자유로운 분위기로 갈건지, 수직적인 조직문화를 유지할 것인지에 대한 확실한 결정이 필요하다고 생각합니다."
"""자유롭고 의견을 얘기하며 있었던곳
대기업다움을 경험한곳""","대기업의 물적 인적 자원의 우수성을 충분히 경험할수 있는","낙하산이 많은 홍보팀
그래서 낙하산 전담하는 사람들이 있음","너무나 오래전이라
기억은 안나지만
그래도 합리적으로 잘 경영"
"""안정직이고 복지나 페이수준이 높은편이나 업무강도는 쎈편. 자기개발을 하지않으면 도퇴되기 쉬움""","보수가 높음, 기업문화가 현대적인편, 복지가 좋은. 근무환경이 우수함.인지도가 높음","문서작업이 많은편이고 의사결정 단계가 많아 실제 업무실행이 되는데까지 한참걸림. 기존에 수익모델에서 벗어나기 위해 다방면으로 접근하고 있지만 쉽지 않음","실패를 두려워하지말고 신속한 의자셜정으로 많은 실패경험을 쌓아서 도약할수 있기를 바람"
"""복지가 좋고 개인주의를 존중하는 분위기 이였어서, 쓸데없는 회식등이 많지 않아 좋다""","부서에 따라서 다르겠지만, 연차를 자유롭게 사용할 수 있고, 회식이 있더라도 주로 점심회식이 이며 개인시간을 많이 빼앗지 않는다, 근무시간을 개개인이설정 할 수 있어 출퇴근 시간도 비교적 자유롭다","대기업 인 것 치고 업무를 진행할때 일정이 제대로 짜여져 있지 않은 느낌이었다.","부서에 따라서 다르겠짐나 연차를 자유롭게 사용할 수 있고, 회식등이 있더라도 주로 점심회식이며 개인시간을 많이 빼앗지않는다, 근무시간을 개개인이 설정 할 수 있어서 출퇴근 시간도 비교적 자유롭다."
"""선진기업의 모양새를 잘 갖춘 회사. 할것만 잘 하면 많은 부분 자유롭고 상식적으로 돌아가는 곳""","자율출퇴근. 서로 신경 잘 안씀. 복지. 위치. 상식적인 사람들.","잦은 구조조성으로 조직결속력 및 업무애정도가 약함. 서로 묵묵히 자기 일만함. 소잃고 외양간 고치는일이 많음","자기일에 실력과 애정을 갖고있는사람이 같은일을 오래할수있었으면 좋겠음."
"""워라밸 좋음. 사람들도 좋으며 처우가 좋아 만족할 수 있음. 개인과 회사의 성장은 의문...""","휴가 마음대로 쓸 수 있음. 연봉이 높은 편임. 계약 연봉은 적음","회사의 성장성이 낮음. 중요한 일보다 쓸데 없는 일을 많이 함.","매년 연봉이 줄어드는 회사에 좋은 인재가 몰릴 수 없습니다. 밥맛없는 식당에서 직원들의 사기가 올라갈 수도 없습니다."
"""자유로운 만큼 극개인주의이고 질서가 없는 회사. 실력만큼 인정받을 수 있는 회사.""","매우 자유롭고 상사 눈치를 보지 않고 다닐 수 있다. 직급간 평등성이 꽤나 강하다. 좌석도 자유롭게 앉을 수 있고, 내가 원하는 환경에서 일할 수 있는 것이 장점이다. 유연근무제가 매우 활성화되어있다.","자유로운 만큼 질서가 없다. 같은 부서 사람이 같은 공간에 있지 않을 때도 있고 서로 무슨 일을 하는지 모를 때도 있다. 출퇴근 때 인사를 안하는 사람도 많고 혼밥하는 사람도 많다.","스마트오피스도 좋지만 극개인주의를 피할 수 있는 방법이 마련되어야 할 것 같다."
"""비효율적인 업무방식에 지치지만 금융치료 한방으로 해결""","복지 수준이 매우 높으며 사내문화도 프리한 편. 팀바팀이겠지만 휴가, 근무 등등 자유롭게 사용가능하며 회식참여도 자유로움.","비효율적인 업무, 탁상공론식 일처리, 과도한 회의문화가 심각. 또한 회사의 구성원 수가 적어 분담하게 되는 일 양이 굉장히 많음. 우수한 엔지니어의 꿈을 갖고 입사하지만 현실은 프로젝트를 관리하고 사람을 컨트롤할 뿐 실질적인 기술적 역량을 향상할 기회가 많지 않음.","보고를 위한 회의, 일처리가 개선된다면 회사가 더 큰 성장을 할 것"
"""업무영역과 근무조건 모든 면에서 대한민국 최고의 회사""","하고 싶은 일을 할 수 있는 자원이 풍부하다.
훌륭한 스펙의 동료직원들, 이해도 높은 팀장, 멋진 사옥을 가지고 있다.
본인 의사에 따른 근로시간 선택권 부여, 승인이 필요하지 않은 연차제도도 매우 훌륭한 장점","파워포인트 작성에 능해야한다. 회사 분할을 한다는 소문에 구성원들이 혼란해한다.","박정호 사장님은 비젼을 제시하는 훌륭한 리더"
"""대기업이나 구성원들의 문화가 좋은 회사""","자유로운 분위기. 똑똑한 동료들. 훌륭한 복지. 시설. 연수원. 연수제도 구내식당","대기업의 성장 한계. 정치적 문화. 의사결정 프로세스. 혁신 실행의 부족.","사람들이 꿈을 키울 수 있었으면 좋겠습니다. 이상적 사회의 표본이 되었으면."
"""워라밸이란 단어는 직원들에겐 없는 단어다.
노동의 착취만 있을뿐 보상은 없다.
여러사람 상대하고 싶으면 입사하길...""","대리점 근무시 실적에 따라 급여가 바뀔수 있음.
월급쟁이 생활보단 영업의 길로 가실분은
입사 장벽이 낮기때문에 쉽게 일을 시작할수 있음.
내근직이기때문에 몸은 편할수 있음.","기본급여만 바라보고 입사를 한다면 최저임금보다 못한 급여.
주6일 12시간씩 일해야 하는 근무 조건.
사람 상대해야 하기때문에 스트레스가 많고
불안정한 급여, 실적 압박을 견뎌내야 함.","실적 대비 인센티브 차감 방식의 급여 체계는 부당하다고 생각됨."
"""일강도, 업무스트레스는 엄청빡세지만 복지는좋은회사""","체계적인 교육시스템, 사용은거의못하지만 많은연차, 출산휴가와 육아휴가 복지는 최고인회사","업무스트레스과다, 개개인의잘못을 팀잘못으로 넘겨 여러번보게하는 눈치 늦어도 8시 30분 근데 퇴근은??","개인의잘못을 팀으로 넘기지말았으면 개개인 인센티브제는좋으나 남의잘못으로 나의월급에 영향미치는 일은 더이상 없었으면"
"""회사는 좋으나,급여 너무 짜고 계약직으로 들어온상 계속 계약직..정규직 전환은 절대 없다""","계약직 비서나 사무의 경우 거의 터치를 안한다.칼퇴가능.본사의 경우 교통편이 편리.건물이 좋다","정규직들만의 리그가 있어 절대 어떤 대화에도 낄수 없음..팀일을 해도 말을 아예 안함.방치수준으로 소속감이 제로다.개인주의심함.계약직 업무의 경우 메뉴얼이 없어 던져 놓고 그냥 하라고 시킬때가 있어요; 알아보느라 시간로딩이 많이 걸립니다.같은 계약직인 경우에도 외부에서 온 경우 텃세부림.계약직 여직원끼리끼리 몰려다님..계약직으로 들어오면 계열사로 잘하면 갈수 있으나 연봉은 절대 오르지 않음.정규직 성과급줄돈으로 계약직 기본급을 좀더 올려줬으면 한다..","같은 팀원으로 일하며 도와주는데 너무 선그으시면 힘들어요
계약직 기본급여좀 올려주세요..그래야 그나마 2년 채웁니다."
"""연봉이나 복지는 높은 편이지만 자기 성장에 좋은 회사이지는 않은 것 같음""","연봉 및 근무 여건이 좋은 편이다. 특히 본사 근무를 하는 입장에서 회사의 입지 또한 매우 좋다. 2주80시간 근무제도 매우 유연한 출퇴근 시간을 보장한다","팀의 방향성이 생각보다 자주 바뀌고 잘 되는 조직은 분사가 되는 사례가 많다. 다른 회사에 비해서 조직 개편 역시 자주 되는 편이다.","기존 사업외에도 신규 사업에 투자를 하고, 기본급이나 성과금 역시 최근들어 비슷하거나 살짝 줄어가는 추세인데 좋은 인력에 대한 투자를 아끼지 않았으면 한다."
"""복지가 좋고 남녀 성비도 좋음. 하지만 업무가 과도해 자유로운 출퇴근에도 불구하고 야근과 밤샘업무가 생길 수 있음.""","팀마다 차이는 있지만 회사 분위기가 자유롭고 수평적인 편 하지만 시즌별 과한 업무량으로 가끔 밤샘 작업고 필요한 곳. 연차 휴가 등을 자유롭게 쓸 수 있고 퇴근시간 또한 비교적 자유로움","기술력이 좋은 회사이지만 경영지원 쪽으로는 데이터화가 덜 되어있어서 빠른 발전이 필요해 보임. 이런 이유 때문에 불필요한 업무가 발생하는 일이 종종 있음","복지가 굉장히 좋고 사내 분위기가 자유롭지만 팀마나 약간의 지체가 있고 계약직으로 대체하는 영역이 많은 부분에서는 개선이 필요해 보임"
"""회사 전체가 편안하고 안정적인 분위기로 적응하기 좋은 화사입니다 계약직에 대한 시선 및 처우가 좋았습니다""","계약직에 대한 시선 및 처우가 좋음
직급체계가 없이 개방적인 업무환경을 추구함","재계약이 불가능하며 조직개편이 잦은편이라 매년 한두번씩 모두가 정신없는 분위기","계약직의 업무강도가 있는편안데 무기계약직으로라도 전환이 가능하다면 기업측에서도 효율적이지 않을까 싶습니다"
"""다양한 개발환경 경험 가능합니다. 역시 sk 하는 이유가 있네요.""","사무실 분위기도 좋고, 개발환경이 개인적으로 만족하는편입니다.","퇴근시간이 그때마다 다른것 빼고는 딱히 단점은 없습니다.","업계1등을 유지할 수 있도록 신규사업 추진 및 활성화가 필요할듯합니다."
"""미생의 살아있는 기업. 정규직외 계약직 이제는 돌려서 계약. 2년후엔 버려지는비정규무덤. 정규직외 살아남기힘듬""","1위업계 프라이드 강함. 사내 인사이동 및 복지 대기업답게 좋음","보수적 인사. 라인잘못타면 나가라는식의 회사정치 극심함.","체계적업무 R&R 통한 구체적 업무계획있어야할것이며 1위 선두다운 모습보여야함. 겉보기가 중요시하기보단 2년마다 재계약시 정규직전환 두려워하며 OUT."
"""상호 존중하며 성장할 수 있는 계속해서 성장할 대기업""","근무시간을 유동적으로 자유롭게 조정해 사용할 수 있는 분위기이며, 본 업무 외에도 평소 꿈꿔왔던 분야나 사업 아이템을 건의해 키워볼 수 있는 플랫폼이 잘 마련되어 있다. 꽤 효율적이고 실제적으로 운영된다고 생각되었음.","기업의 단점이라기보다는 단기인턴직으로서 업무를 볼 수 있는 데 사내 추진 업무 관련 정보 접근이 제한적이었기 때문에 일부만 보고 일하는 다소 표면적인 업무를 보는것이 아닌가 하는 생각이 들 때도 있었던 점은 다소 아쉬움.","회사 평균나이를 젊게 만들려는 시도는 굉장히 바람직하고 변화하는 환경에 대응하기도 아주 적합하다고 생각한다. 하지만 기존 입지를 다지고 키워 온, 아직은 회사를 지탱하고 있는 기성세대(라고 표현하겠다) 사원들에게 혁신적인 기업문화 변화가 빠르게 느껴질 수 도 있다는 느낌을 받았다. 중재적인 커뮤니케이션도, 기존 근무자가 더 친근하게 느낄 수 있는 플랫폼을 통해 상승한다면 변화에 대한 저항을 줄일 수 있을 듯."
"""개발하는 곳에 있다면, 제대로 개발 할 수 있음. ICT 회사인 만큼 트랜드에는 조금 뒤처져 있는 느낌""","수평적인 분위기에서 열심히 개발할 수 있음. 트렌드를 쫒아가기 위해서 열심히 노력하며 공부. 낮지 않은 연봉","IT회사가 아니다. 라는 느낌이 팍팍 든다. 회사 내부 devops 지원 부실부터, 개발자에게 맥북 주는 것이 특혜라고 생각하는 비IT인들이 포진해있다.","제대로 된 서비스를 만들고 싶으면 제대로 된 지원을 해주면 좋을 듯"
"""뛰어난 복지와 인지도. 하지만 구성원은 지친다.""","국내 Top 기업이 걸맞는 복지제도, 인지도, 기업문화","안정적 사업 덕분에 도전 사업을 하고자 하는 구성원이 없다","도전적인 기업 문화가 필요하다고 생각하고, 잦은 경영진 교체가 아닌 지속적인 사업 수행이 필요함"
"""복지와 사내문화 등 모든 면에서 바람직해 보여서 후에 꼭 다시 일해보고 싶음""","굉장히 자유로운 분위기, 복식 자유, 위아래 터치 크게 없음. 업무시간에 서로 각자 업무에만 집중하는 분위기. 사내복지 좋음","알바라 10분전에 칼퇴했는데 다른 직원들은 당시 다들 잔업하는 분위기 였음. 현재는 어떤지 모르겠음","유연한 근무형태가 장점이라 생각됨. 경영진의 생각이 당시는 좋아보였음"
"""계약직서무나 비서한테는터치가없는편
저임금에 단기계약으로 경력쌓으려면좋다 .""","복리후생 시간적여유가많다. 눈치는보여서 자리는오래못비우고 너무딴짓해도 눈치가보여 킬링타임으로 인터넷쇼핑몰이라도해야할듯","계약직 그들사이에서도 무시하기도하고 등급이결정된다. 자격지심이생긴다","정직원들은 최대한 차별대우없이해주는편이지만 여직원들에대한말들이많은편이다"
"""꾸며놓음 이미지가 좋은 회사인 듯. 어느 회사나 그렇겠지만 안에서 볼때랑 차이가 남.""","근무시간이 자유롭고, 본인의 업무만 잘 하면 됨. 복지가 매우좋고 기업 문화가 수평적인 편임.","라인이나 서열화? 보이지 않는 싸움이 심한 편 같음. 딱히 얽히고 싶지 않다","이미 1위 기업이지만, 예전보다는 경쟁력이 떨어지는 것 같음. 더 노력하여주면 좋겠다."
"""지방에서 근무하면 기러기 아빠들이 너무 많아서 술자리가 잦아요. 인턴하면서 프로젝트 진행하며 대리점 많이 다녔는데, 실적이 좋아도 술 마시고 나빠도 술 마시고.. 술 마신 기억이 50프로, 인턴 동기들끼리 치열하게 경쟁한게 50프로의 기억입니다.""","연봉이 높습니다. 무엇을 상상하던 그 이상일 겁니다. 인턴 동기 중 지금도 근무하는 친구들이 있는데 연봉에 있어서는 원탑입니다.","지금은 모르겠지만 15년도 입사자라면 3년 이상 지방 근무가 입사 조건입니다. 술자리가 잦아서 자기 개발 시간이 없습니다. 본사 분위기는 자유롭다는데 지방은 그렇지 않아요.","인턴 입장에서는 아직 경영진에게 바라는 점은 없었어요. 만약 금전적인 부분을 중시하는 분이라면 만족. 워라벨 중시하는 분이라면 불만족 할 것 같네요."
"""안정적인 BM을 기반으로 잘하는 영역에 있어서는 경쟁력 추구, 신규 영역에 대해서는 적극적으로 도전하는 회사""","확실한 수익모델을 기반으로 해서 안정적인 사업을 하고있고, 조직문화 혁신에 관심이 많음","연차가 높은 사람들의 경직된 사고는 여러 업무를 하는데 방해가 되는 경우가 있음","5G 시대 및 신규 ICT 사업 추구에 알맞는 기업문화 및 업무 추진 프로세스 필요"
"""근무환경 복지 같이 일하는 동료 전반적으로 매우 좋은 점들이 많은 회사임""","복지 동료 근무환경 연봉 등 전반적으로 좋은점이 많은 회사임","일부 관리 직종에 계신 분들께서 닫힌 마인드를 가지고 계심","젊은 인력들이 자기 의견을 잘 개진할수 있도록 도와주세요"
"""개발자가 대우받으며 일할 수 있는 환경이 매우 잘 갖춰져 있음.""","자기개발에 도움 될 수 있는 정직원 대상 프로그램이 내부적으로 다양함. 좋은 사업 아이디어가 있다면 동의를 거친 후, 본인이 직접 기획하고 실현할 수 있게 많은 지원을 해줌. 휴가를 눈치 안 보고 쓸 수 있음.","생각했던 것만큼 수평적인 조직문화가 아님. 하지만 수평적인 문화 도입을 위해 전체적으로 꾸준히 노력하고 조심하는 모습을 볼 수 있음.","좋은 기업문화와 개발자에게 좋은 환경 속에서 일할 수 있어서 좋았습니다."
"""연봉 복지 국내 최고 수준.연봉 상승률은 떨어지지만 어마어마한 인센티브로 유지""","연봉 복지 우수한 인적 자원 확실한 캐시카우가 있어서 매출 수익걱정 없음","실행력없는 꼰대들 많음 인사팀 이상함
신규사업 성공사례 거의 없음","공정하고 투명한 인사제도 구성원 커리어 육성 신경써주세요"
"""회사는 좋은 회사입니다. 복지 나 이런건 최고죠..""","복지가 좋고 자기개발에 도움되는 교육 및 세미나등 많음","관련 부서가 많아서 먼가 일이 잘 진행되지 않고
딱 책임지는 사람이 없음 ..","수평적인 조직을 추구하면 정말 수평적인 조직 체계를 갖추었으면 함
한팀에 20명씩 있고 이런 구조로 수평적이고 빠른 조직이 되지 않음"
"""업무량이 과중한 편이며 정해진 콜수 콜타임을 강조하다보니 힘들었습니다.""","대기업이라 복지가 좋은편이며 상위 영업자는 보상이 잘 이루어지는 편이며, 상여금등의 제도가 잘 갖춰져 있습니다. 그리고 체계적인 교육이 이뤄지는 편입니다.","영업업무로 일정량 이상의 목표량을 달성하지못하면 퇴근이 어렵고 상사의 눈치를 많이 봐야 했습니다. 영업조직이기에 당연한거지만 하루하루 목표량이 달성되지 않으면 퇴근에 눈치를 봐야했습니다.","상사와 사원간의 인격적인 존중이 이뤄졌으면 좋겠습니다."
"""네트워크 계통으로 경력 올리기엔 한국에 이보다 나은 기업이 있을까""","교육 커리큘럼과 연봉, 복지 뭐 하나 빠지는게 없음. 통신비 지원, 휴대폰 매번 바꿔주고 통신사 포인트도 엄청나게 나옴. 연봉 외적인 부분이지만 실 지출 부분에 상당히 들어갈 수 있으므로 사실상 연봉은 훨씬 높음","그러니 그만큼 일을 많이 시킴. 능력이 되면 그만큼 쾌적하게 일하겠지만, 안된다면 다니면서 적당히 공계열로 이직을 준비하는게 낫지 않을까 함. 물론 지금 다니고 있는건 아니지만, 바닥이 바닥인지라 더 치열해질거라 예상.","아무래도 반독점이라 그런지 경영진에선 현상유지가 최선이라 생각함. 과감한 해외시장 진출이라던지 기술 쇄신 등 어느정도 리스크를 감수하고 계속 발전해야한다고 생각."
"""직원들에 처우가 매우 좋고 최대한 수평적인 구조를 유지하려고 노력하는것 같습니다.""","야근비 및 보상 처우가 좋음
좋은 근무지 환경을 가지고 있습니다","보고서가 좀 많습니다.
내부적으로 조직변경이 많아서 회사명이 바뀔까 불안합니다.","근속년수 오래다닐수 있도록 많이 도외주세요
변화도 조금 진행해 주세여"
"""충분한 보상이 매력적인 회사임. 폭넓은 업무를 경험해 볼 수 있음.""","무엇보다도 성과급이 매력적임. 그 외 다양한 복지 시스템을 잘 갖추고 있음. 다양한 업무를 경험할 수 있고, 원하는 부서에서 일을 해 볼 기회도 (다른 회사에 비해)쉽게 가질 수 있음.","보고, 문서위주의 업무문화.
실행력보다는 보고와 비전제시를 중시하는 기업 문화. 주로 외부의 조력을 받아서라도 빠른 결과를 내는데 더 집중하는 기업입니다.","큰 기회만 노리면서 작은 기회들을 흘려보내지 않았으면 합니다. 제 생각엔, 서비스 출시 이후 지속적으로 가꾸어 나갔다면 현재 더 좋았을 서비스들이 많았습니다."
"""튼튼한 회사, 좋은 복지, 통신계 1위 기업""","주니어 시절부터 오너십을 가지고 업무를 추진하기에 좋은 문화를 가지고 있으며, 안정적인 수입을 확보하고 있는 기업이기 때문에 각종 복지 등 워라벨이 훌륭함","시니어로 올라갈 수록 적체되어 있는 인력이 많고, 승진 기회가 많지 않기 때문에, 연차가 높아질 수록 업무 강도가 세지고 힘들어짐","통신업체라면 통신업에 더욱 선택과 집중을 하는 모습을 보여주면 좋을 것 같으며, ICT 서비스를 추진하려면 IT 답게 시간과 비전을 가지고 추진을 하는 모습을 보여주면 좋을 것 같음"
"""철밥통으로 핸드폰 팔 수 있는 곳. 단, 줄을 잘못서면 언제든지 구설수에 오를 수 있음.""","철밥통임. 절대로 먼저 잘리지는 않음. 최대한 자택에서 가까운 곳으로 배정해주려고 함.","배정해주려고 한다고 했음. 무조건이라고 안함. 집이 인천인데 김포까지 출근했었음. 급여는 최저급여비준으로 되지만, 컴플레인관련해선 모두 직원 급여에서 차감됨.","제발.. 적당히 해쳐먹길 바람.. 요즘 케이스 저렴하고 이쁜 것 널렸는데 법인비 쥐꼬리만큼 주고 자회사에서만 사라고하면 어떻게 운영함... 제발 답좀 찾아주셈..."
"""다른 회사 혹은 동종업계에 비해 월급 등의 복지가 괜찮음""","조직문화가 딱딱하지 않고 워라벨도 괜찮으며, 약간 공기업적인 마인드도 있어
직원의 입장에서는 괜찮음","전체적으로 직원들의 연령층이 높고, 내부직원의 승진의 기회가 그렇게 많지 않다고 생각합니다.","현재 경영진에게 특별히 바라는 것은 없습니다."
"""연봉과 복리후생이 국내 최고 수준
사내 문화와 시스템도 긍정적으로 바뀌는 중""","2주 80시간의 자율 출근제, 복리후생, 최고 수준 연봉","업무가 1년 단위로 리프레쉬됨, 기업 분할이나 분사 소문이 반복되어 은근 스트레스","시스템은 개선되어야하고 기업 분할 소식은 언론에 흘리기를 그만했으면"
"""대한민국 통신사 업계 1위 기업으로서 매니지먼트 능력을 키울 수 있음.""","다양한 장치를 적용하여 기업문화를 젊게 바꾸어 가려고 노력함. 안정적인 직장. 사내 분위기가 좋음.","기업문화를 바꾸려고 노력은 하고 있으나 아직은 변화기 위해 시간이 많이 필요할 것 같음.","팀 분위기의 장단점을 판단하고 그 개선 방법에 신경써주면 좋겠음."
"""성장정체로 통신사가 아닌 피이에프가 되어가고 있는 회사""","수평적인 분위기와 높은 연봉 좋은 복지 및 높은 안정성","비합리적 의사결정 일 안 하는 잉여인력 위기의식 부족","본질에 충실할 수 있는 회사가 되길 ... 임원진이 너무 많음"
"""3사 통신사중 제일 나음. 통신가입자가 현 통신시장의 과반수를 차지할정도임.업무내용이 쉬움""","SK/KT/LG 중 인지도가 가장 높음. 찾는 고객층이 많고 기업 신뢰도가 높음.상대적으로 영업하기가 편함","현장직 인센티브가 낮은편임.
회사의 업무구조가 구식인 부분이 있음.
자질구래하게 손이가는 일들이 많은편","현장직들의 고충과 급여체계부분을 개선해주세요.
요즘같은 Cool식당에서는 생계가 어려울 정도로 힘듭니다."
"""자유로운 분위기, 역시 1등 통신사 입니다.
S기업은 역시 SK
소통하는 기업문화가 마음에 드는곳""","자유로운 분위기, 호칭 통일, 위계질서가 덜 함,성과에 대한 보상 확실","앞으로 미래를 위해 더욱 노력해야하는 통신업 인 것 같다.
개발자들을 위한 많은 채용을 해야하며,
외부영입인사보다는 내부에서 실력을 키울수 있도록 해야할거같습니다.","더 발전할수있는 회사가 될수있도록 해주세요"
"""전반적으로 좋은 회사입니다.
....""","연봉 높고 상대적으로 수평적입니다.
임원의 파워가 셉니다.","보고서 작업이 많아서 힘든 부분은 있지만...
그런것 빼고는 좋습니다.","보고서만 줄여 주세요.
화이팅입니다."
"""시키는 일이 아니라 하고 싶은 일을 만들어 할 수 있는 곳. 쉽지만은 않지만 윗 사람을 설득할 수만 있다면 큰 일을 만들 수 있음.""","직원에 대한 존중이 장점. 사내 설문 조사가 많음. 다양한 경로로 의견을 수집하여 반영하는 문화가 있음.","조금씩 바뀌고 있기는 하지만, 지나치게 안정적인 수익모델을 갖고 있기 때문에 보수적인 문화가 존재함.","성공할 때까지 밀어주는 문화를 만들면 좋겠음. 잠깐 시도하고 포기하는 일을 반복해서는 회사도 사회도 손해라고 생각함."
"""보수와 진보적인 면이 함께하는 곳 어느 장단에 맞춰야?""","자기계발 기회가 많고 연차쓰기에 적당한 부담이 있음/ 워라벨 향상을 위해 노력하는 중 / 하지만 정작 쓸 시간은 없다","야근이 잦고 힘들다 / 부장이 꼰대같고 은근한 강압이 많아 스트레스 / 야근@!!","나름 점점 변화하는 게 느껴져서 좋았다."
"""복지, 급여, 분위기 등 최고의 회사. 대기업 중에서도 최고같음""","연봉 꽤 높은 대기업. 복장 자유로움. 호칭도 매니저로 수평적 분위기임, 휴가나 교육 등의 복지제도가 잘되어 있음. 유연근무제 도입으로 출퇴근시간 조정가능. 핸드폰요금 지원 등등","개인주의적 분위기, 능력 제일주의, 계속 자기개발 해야 살아남을 수 있을 듯. 인사이동 잦음. 한가지 일보다 여러가지 일을 잘할 수 있어야 될 듯","노조의견 잘 들어주는 것 같고 복지가 좋아서 직원들 애사심이 깊으니... 새로운 시장만 잘 개척하면 좋을듯"
"""기업문화도 좋고 너무나 만족함
동료들도 경쟁을 하지만 싸우거나 시비가 없음""","월급이 좋고! 그렇다고 야근이 많은 것도 아님
자기개발을 위한 시간도 충분","딱히 생각나는 단점은 없지만
나이드신 분들이 많아서.. 조금 낡은 아이디어가 나옴","지금처럼 계속해서 발전하는 그룹이 되길바랍니다!
다녔다는 것에 만족을 느낌"
"""연봉과 복지가 좋고 기업 분위기도 수평적인 편입니다. 똑똑한 사람들이 많이 모여있다는 느낌을 받습니다.""","연봉과 복지, 그리고 같이 일하는 사람들이 똑똑하다는 점이 장점으로 느껴집니다.","메인 사업이 성장성이 더디다보니 신사업을 여럿 추진했으나 장기적인 관점에서 기다려주기보다는 빨리 접는 경향이 있습니다.","IT에 대한 충분한 이해도를 갖추고 장기적 관점에서 의사결정할 수 있는 리더가 더 늘어났으면 합니다."
"""우리나라 최고의 통신회사, 더 이상설명이 필요없는 회사.""","무엇보다 높은 수준의 연봉, 복리후생
우리나라 최고의 통신회사에서 근무한다는 자부심.
통신비 공짜!!!!","단순한 보고를 위한 문서 작업이 많은듯,
야근이 많다......","경영진에 바라는 점은 없음, 이대로만 해줫으면 소원이 없겠습니다."
"""자유로운 분위기에 복지 최상급!
하지만 다음 먹거리를 찾아야하는 과제가 있음.""","안정적인 사업분야.
자유로운 조직문화.
직원복지가 좋음.","넥스트 비지니스 모델을 찾아야 하는 과제.
예전보다 못한 통신업.(각종규제)","다음 먹거리에 대한 투자와 글로벌에 대한 투자도 아끼지 않았으면 합니다."
"""사내복지는 그럭적럭 괜찮음 오래다닐곳은 되지 못함""","요금할인 되는거 말고는 딱히 없음 연차쓸수잇고 출퇴근시간은 정상적임","부서내 텃세가 너무 심함 계약직이라 어쩔수없는 차별을 겪게됨","망할것 같지는 않고 내부직원관리를 철저히 했으면 한다"
"""자신이 열심히만 한다면 매장 몇개쯤은 운영할 여건이 생기게됨 .""","일 하는 시간이 매우 프리하게 돌아감 .
근무 환경은 우수한 편임 .
정시 칼퇴근 할수있음 .","제일 큰 문제는 휴무. 이탈하는 근무자들이 많다보니 내가 땜빵으로 메꿔야하는 날들이 생김 .
새로운 직원들이 매우 많음 .","분기마다 설문조사가 필요함 . 근무환경과 개선될점 ,"
"""대기업이라고 할 수 있는 분위기, 위치, 복지, 기타 부대 시설이 좋다. 다만 개인주의가 심함.""","근무유연제 실시하며, 슈퍼프라이데이(3째주 금요일) 3시 퇴근 권장, 연차 및 휴가 사용이 자유롭고, 업무를 충실히 하면 개인 시간 활용해도 눈치 보지 않음. 개인 공간 및 시간 보장. 회식 문화 9시 이전에 마무리하는 분위기. 개인 존중, 복지는 말할 것도 없이 지원이 좋음(정직 기준 휴대폰비 20만원 지원). 직급 없음.","업무량이 많고 대기업 치고 체계가 잡혀있지 않음. 회사 평균 연령이 높음. 신입사원보다 경력사원이 더 많음. 기업 이미지에 비해 직무에 전문성이 떨어짐. 팀에 따라 개인주의가 심함 정도가 있음. 다들 돈을 많이 벌지만 짠돌이 기질이 다분함.","방향성을 정확히 할것. 선도하는 기업이었으면 좋겠음."
"""확고한 수익기반을 가지고 있지만, 어떤 미래 먹거리를 가져가야 할지 고민이 많고 여러가지 시도를 하고 있음""","개인 흥미와 적성에 따라 비교적 자유로운 부서이동 문화
업무강도에 비례하는 금전적보상, 단 최근 W&L Balance 다양한 개선이 시도되고 있음
기술직 재직시 전체 이동통신망을 아우르는 경험을 쌓을 수 있음","엔지니어라기 보다 관리자로 성장하게 되는 업무환경으로 인해 향후 이직 고려시 선택지가 많지 않을듯
역피라미드형 인력구조","새로운 성장 기동력을 발굴, 이동통신분야를 넘어 ICT분야 메인플레이어가 되었으면"
"""현재에 만족하면서 다니고 싶다면 추천하는 회사. 성장가능성은 높지 않음.""","스태프쪽 사람들은 똑똑함. 사업부서에 고연차 인원들은 답답할 수 있음.","너무 똑똑해서 문제가 되는 경우가 많은 것 같음. 정체된 회사.","증원이 너무 많은 편임. 기존 사업에 충실했으면 좋겠음."
"""계약직으로 부담없이 다니기엔 좋아요.""","연차도 편하게 쓸 수 있고 계약직이라면 자기 일 마치면 칼퇴할 수 있어서 좋습니다.","정규직 전환이 안되는 것이 가장 큰 단점인 것 같습니다.","잦은 회의로 인하여 업무내용이 너무 자주 변경되는 것이 단점입니다. 저희에게 전달이 잘 되자 않아 업무하는데 어려움이 있었습니다."
"""대표적인 ISP업체로써 최고의 기술을 보유하고있고 매니지먼트가 훌륭하다.""","수평적인 분위기를 추구하려고함, 본사에서 혁신적인 기업문화를 창출하려는 노력이 다분함. 또한 SK그룹사답게 복지가 좋으며 안정적인 회사생활을 할 수 있음","보고를 위한 문서작업이 많으며, 혁신적인 기업문화는 본사에서 부터 내려오기 때문에 전사적으로는 적용이 느린편임. 경영진은 생각보다 보수적임","직원들의 피드백을 수렴하려는 자세는 갖추어져 있으나, 적극적으로 수용하려는 생각은 작아보임"
"""대기업이 대기업인 이유를 알 수 있음. 개발자에 대한 대우 확실""","사내 분위기가 좋고 회식자리 술 강요 안함 서로를 존중하는 문화를 서로가 만들어감","월급은 많지만 평균 퇴근시간은 늦은 편 군대문화가 조금은 보이긴 함","사내 문화를 더욱 활성화해주었으면 하는 것 외엔 바라는 점은 딱히 없음"
"""정규직은 정말 복지 빵빵하고 급여 빵빵하고 노사 탄탄해 야근 적고 좋은 직장인 듯하다.""","헬스장이 지하에 있어 집에 가기 전에 들렸다 운동 하고 바로 지하철역으로 가기 쉬움. 휴가가 많고, 복지포인트 많음. sk쓰면 휴대폰 요금 지원해줌. 아침은 무료","계약직은 정규직 급여 반도 못 받음.전문계약직은 예외. 의료비 지원도 계약직엔 해당 안됨. 인사팀은 너무 자기 밥그릇만 챙김","근속연수 10년 이상된 사람은 근무 평가 제대로 해서 아랫 사람만 일하게 만들지 않게 하길.."
"""체계가 있고, 직원들이 좋습니다. 균형있는 자기 생활하기 좋습니다.""","다소 루틴하지만, 안정적이고 복지가 좋습니다. 오래다니기 좋습니다.","회의가 많고, 수평적이라기보다 수직적인 부분이 있습니다.","성장하기보다는 늘 그자리에 있는 사업을 하는 것 같습니다. 좀 더 진취적으로"
"""업계 1위같은 혜택과 대우! 수평적인 분위기를 추구하는 시대에 맞춰 대우할라고 노력함.(노력)""","나만일지 모르겠지만 연차를 눈치 안보고 썼음, 연봉이 좋은 편임, 식당이 진짜 맛있다. 복지도 괜찮은 편인듯 !","일이 많고 아무래도 대기업이다 보니까 자신이 원하는 방향대로 아이디어를 이끌고 갈 수는 없는것 같다.","계약직이였어서 별로 그렇게 경영진한테 바라는 점은 없지만, 사업 진행하는걸 옆에서 지켜보니 뒷심이 부족한 것같아보인다. 다들 처음엔 으샤으샤 추진하다가 끝이 흐지부지 끝나는 것들이 많은듯"
"""대기업으로 치면 나쁘지 않습니다. 그래도 생각보다 수평적이진 않습니다. 연봉이 높지만 그 만큼 일이 많습니다.""","자유로운 출퇴근 시간.
교육세미너가 많음.
자유 복장.","평균연령은 생각보다 높음.
인턴 사원으로 대부분 아무도 신경 안 씀.","통신사에서 벗어나서 Tech company로 나갈 의도가 보임."
"""대기업답게 구성원 복리후생 좋고, 전반적으로 무난한 업무분위기""","1. 자율근무제 시행 후 2주 80시간만 채우면 되는데 2주 되기 전에 80시간 다 채웠을 시 연차 사용 없이 하루 또는 이틀정도 쉴 수 있음

2. 수평적인 분위기 만들기 위해 노력하는 것 같음(호칭 등)

3. 자율복장(남자 반바지 가능)","1. 대기업인데도 불구하고 수동으로 처리해야되는 업무가 은근 많음

2. 현업에서 인수인계가 제대로 되지 않는 듯 함 검토부서에 연락해서 물어보는 사람 많음
> 어떻게 처리해야되는지, 어떤 계정을 쓰는지 문의가 제일 많음

3. 체계적으로 관리하기 위해 각 담당자가 정해져있는 것 같으나, 담당자가 정확하게 나와있지 않을 경우 매번 확인해야되는 번거로움 있음","전문계약직은 대부분 지인통해서 들오는 경우가 많은 듯"
"""라인을 잘타야하며, 나의 여가가 없음.
본사에 정규직 마케터가 아니면 소용없음 대리점은 그냥 대리점 소속일뿐.""","일하면서 몸을쓰거나 고된일은 없음. 호칭이 본사,본부,대리점
통칭 매니져로 통해서 복잡하지 않음.","대리점에서 일할것이라면, 대리점도 잘만나야함.
복리후생,급여 다 제가각에
실적으로 피를 말리는곳도 있음.","구조조정 적당히좀 했으면 합니다.
본부생활 하다가 본사에서 이상한짓 하나하면
그대로 목아지 날아가버리네요."
"""복지와 조직문화가 매우 좋으며 구성원의 만족도도 높다.""","복지와 높은 연봉, 자부심, 유연한 조직문화, 수평적인 커뮤니케이션, 사기업 중에 최고라고 생각한다.","보고서 작성이 매우 중요하게 여겨진다. 실질적인 성과에 집중하는 것보다 보고, PR에 치중하는 느낌이 있다.","과거 실패 사례에 붙잡혀 색안경끼는 것이 아니라, 신규 사업 많이 격려하고 지원해줬으면!"
"""발전하기 위해 노력하는 곳. 불필요한 것들을 최소화 하기 위해 노력함""","지역 마다 다르겠지만, 제가 있던 곳은 식비 주고 구내식당 잘 나오고 일할 때 눈치 안 보고 쉴만큼 쉬면서 일할 수 있었습니다. 불필요한 서류 없고 점점 일 처리 자체가 편리하게 변하는 것 같아보였어요","계약직이라 기업 전체적인 것은 알 수 없었으나 기사에 나오듯 부당전근 같은 경우가 있었습니다.","제가 일 했던 곳은 모두 좋은 사람들 뿐이었습니다. 그런 사람들이 그런 여유와 프라이드를 계속 가질 수 있도록 위에서 복지나 처후를 꾸준히 잘 해줬으면 좋겠어요."
"""신입부터 규모가 있는 일을 스스로 기획하고 이끌어 나갈 수 있는 곳임. 하지만 큰 수익이 발생하고 있는 환경으로 인해, 대부분의 일들에 대한 기대치가 높아 성공으로 끝나는 경우가 별로 없어 성취감을 얻기가 어려움.""","규모 있는 일을 총책임지고 이끌어 갈 수 있는 기회가 많아서 스스로의 노력에 따라서는 의미있는 경험을 많이 할 수 있음. 급여가 높아서 비교적 삶의 여유를 가질 수 있음","안정된 수익을 얻지만 새로운 시도가 어려운 상황으로 인해, 일을 하는데 있어서 역동성이 떨어짐. 전반적으로 정치적인 요소가 다분히 많아 승진을 할 수록 일 외적인 부분에서 어려움이 많을 수 있음.","새로운 서비스를 시도함에 있어서 자율적인 경쟁 환경을 제공해서 작은 것이라도 자생적으로 만들어 질 수 있는 환경을 제공할 필요가 있음."
"""연말정산에 대한 시스템과 개념을 확실하게 이해시켜준다.""","1.사람들이 좋다.
2.일을 잘 가르쳐준다.
3.출퇴근시간","1.수직적 문화가 존재하는거같다.
2.보수적이다.
3.군대식 문화","솔직하게 나는 지금이 좋다고 생각한다. 일도 많이 배울수 있고 인원도 꾸준하게 늘어나는것 같다."
"""공기업같은 사기업. 말은 이리 하지만 다녀본 회사중에 제일 좋은 회사중 하나다.""","복지가 좋아 마음 편안하게 일할 수 있다. 가정의 행복을 꿈꾸는 30대 후반, 40대 가장에게 좋은 직장일 듯","1년단위로 단기적으로 일이 진행되고, 보고서위주의 결과물이 잘 나오면 실체는 버려지는 경우가 많다.","더 긴 호흡으로 진짜 일을 하면 좋겠다."
"""높은 연봉에 워라밸이 훌륭한 대한민국에서 직장으로 근무하기 정말 괜찮은 곳임""","경직되지 않은 조직 문화와 주40시간 근무제 정착으로 인한 워라벨 추구가 가능함. 연봉수준이 높은 점또한 장점","레가시 이통사업을 제외하고 미래지향적인 먹거리가 마땅치 않음. 현 수준 이상의 회사로 발전할 가능성은 앞으로 지켜봐야 할 듯.","단기목표에 얽매이지 않고 장기적 관점에서 회사의 방향성과 관련한 의사결정을 해 주셨으면 함."
"""대한민국 최고의 직장이자, Work and Life Balance가 훌륭한 곳.""","훌륭한 사내 복지와 2주 80시간의 자율적인 근무형태, 관심 분야로 자유로운 이동이 가능. 똑똑한 사람들이 많아 배울 것이 많은 직장","기존 Cash Cow였던 MNO 비즈니스의 수익성이 둔화되고 있으나, 이를 대체할 만한 신규 Biz.가 아직 명확하지 못한 상태","변화와 혁신을 위해 다양한 시도를 많이 하고 있는 것은 바람직하며, 구성원들의 이야기를 들으려는 것도 훌륭한 태도라고 생각"
"""스크의 캐쉬카우를 담당하는 기업, 수익창출 구조도 안정적이고 스크만의 혁신적 조직문화가 인상적이었다.""","수익 구조가 안정적이고, 직원들 개발을 위해서도 많은 투자를 하는 듯, 팀 분위기도 좋았고 대기업이라는 특징상 수평적인 문화도 상당부분 존재하였다.","오래 근무하지 않아서 단점은 잘 모르겠지만 확실히 학벌이 중요한 것은 맞는 것 같다. 다만, 학벌이 다는 아니고 능력에 따라서도 일부 채용되는 것은 맞는 것 같다","이것도 오래 근무하지 않아서 잘 모르겠지만 좋은 것 같다."
"""부서마다 차이가 상당히 많은 편이며 좋은 부서 배정 시 꿈의 직장이라고도 느낄 수 있으나, 좋지 못한 부서를 배정 받을 경우는 사람들과의 감정소모가 심함. 개발자를 뽑고 매니저를 만드는 회사임""","자율출근, 2주 80시간, 충분한 보상, 국내 최상의 복지, PM의 지위에서 기술을 전체적으로 바라볼 수 있음.","조직과 업무의 변경이 잦아 개발자의 경우는 커리어 변경 가능성이 매우 크므로 신중하게 결정해야 함.","외주 base로 하는 것은 좋으나 실력있는 개발자들을 뽑고 육성하는 정책을 게을리 하지 않았으면 함."
"""직장의 무덤. 업무 강도는 삼성보다 낮으나 복지는 훨씬 좋음. 그러니 한번 들어가면 나오기 싫어하는 기업임.""","윗사람 눈치 보지 않고 의견 개진 및 사업 추진 가능한 기업문화는 훌륭하며, 신규 비지니스 모델에 항상 관심을 가지고 있음","경영진이 자주 바뀌어 신규 사업을 성과를 내면서 추진하기에는 제약이 있고 조직 개편이 매년 이루어져 매년 불안해함.","신규 사업의 경우 적어도 3년에서 4년를 보고 의사결정 바람. 잦은 조직 개편은 노는 사람들을 만들음."
"""역시나 기업문화 좋고 일하기 편한 직장""","뭐니해도 대기업인 만큼 급여가 역시나 좋고 성과급 많구요. , 복지도 좋구요
자기계발의 기회도 부여하고 IT 회사 답게 조직이 젊어서 활기 찹니다.","단점이라면 조직이 아무래도 너무 커서 그런지 몰라도 팀원들간의 정이 없다고 해야할까요? 수평관계가 오히려 정이 없는 조직 같아 보여서 안좋네요.","많은 채용 바랍니다. 최근에 호칭이 사라졌다고 하던데요. 호칭 보다는 서로 존중하는 마음이 더 필요해 보입니다."
"""분업이 확실하고 계습차가 확실한 곳. 복지가 좋고 안정적인 월급을 원하면 추천이나 은근한 차별이 많음""","연차를 타회사에 비해 자유롭게 쓸 수 있음. 복지가 잘되어 있어 사내도사관에사 신권들도 자유롭게 볼 수 있고 제휴팬션도 많지만 휴가철에는 연차로 밀려 휴가철 피해서 쓰면 쓸만함. 업무 분업화가 잘되어 있음","업무 분업화가 잘 되어 있지만 다른 사람에게 물어보거나 도움받기 힘듬. 스스로 해결해야하고 해결하지 못하면 다 감당해야함. 하지만 본인들 잡무는 떠넘길려는 시도를 많이 함. 대기업이라는 자부심이 넘침.","딱히 없고, 정규직이라도 본인 업무는 본인들이 했으면 좋겠다"
"""국내 최고의 기업중 하나라고 생각함.
부족한 부분이 많지만, 변화하고자 노력하고 있는 기업 이며,
자유로운 근무환경 조성을 위해 변화하고 있음""","1. 급여/복지 수준 최고
2. 구성원들이 경험하는 사내문화도 최고 수준
3. 교육의 기회도 많음","1. 구성원 개개인이 다소 성장하기 어려운 부분이 많음
(약간 일에 치여서 살고 있음)
2. 리더들의 의사결정이 다소 보수적임","유통업/제조업 관점으로 조직 운영을 안했으면 좋곘음"
"""적당한 개인주의와 직원들을 배려해주는 회사 문화가 있다. 부서마다 다르지만 대부분 끝나고 회식 하는 분위기가 적고 복장도 자유로운편이다.(피케 티셔츠나, 캐쥬얼한 셔츠 가능하다.)""","상사, 팀장 눈치 안봐도 되는 분위기, 지역 마다 다르지만 자기 할 일만 제대로하면 터치가 없다. 그룹에서 지원하는 복지 혜택이 최고다.","연봉이 높은 편이고 복지 뛰어나지만 어느 정도 야근은 감수해야 한다. 가끔 일이 몰리는 경우가 있다. 어느 정도 경력이 오르면 일이 많아지고 업무도 정형화되 가끔 지겨움을 느끼는 경우가 있다고 한다.","지금처럼 꾸준히 발전하면 좋을것 같다. 정해진 국내 시장에만 안주하지 말고 여러 기술로 세계에 진출할 필요가 있을것 같다."
"""훌륭한 조직문화, 일하기 좋은 회사로 만들려는 경영진의 노력이 더욱 마음에 든다.""","단연 플렉서블한 조직 문화. 조직원에게 자부심을 느끼게 해주려는 연봉, 복지. 우수한 동료들","대기업 인지라, 있어보이는 보고를 좋아하는 건 여전한 문제. 책임지고 과감한 시도가 필요해 보입니다","도전을 계속할수 있게 조직 분위기를 만들어 주십시오."
"""개발자가 대우 받으며 보람차게 일할 수 있는 곳""","work and life balance 를 맞추어서 일할 수 있음. 다양한 서비스를 기획하고 스스로 실행할 수 있는 환경 제공","다양한 사업을 추진하다 실패하는 경우도 많으므로, 업무가 변경되는 경우가 많음","새로운 비지니스에 대한 성공사례를 계속 만들어 가는 것"
"""연봉 및 복지는 최고의 대우이며 일은 엄청 나게 많이 시키거나 눈치보며 많은 일을 찾아서 진행해야 함""","대한 민국 최상의 연봉과 복지, 그리고 그에 걸맞은 프라이드. 대기업 특유의 조직력과 영업력 그리고 본인이 원한다면 일에 대해 많을 것을 배울 수 잇음. 단 적극적인 자가 살아 남음","줄서기 문화와 윗사람 눈치보며 야근하는 것, 팀별 성과보다 개인의 성과가 더 우수해야 살아남는 조직 문화. 개인주의가 강하고 무엇보다도 학벌 및 학교 순위가 존재함","최소한의 일년 후가 아닌 2년 3년 후를 바라보고 장기적인 안목으로 투자를 했으면 합니다 너무 단기 성과에 집착하다 보니 10년 전보다도 더 회사가 안좋은 방향으로 가고 있음 그나마 하이닉스를 샀다는 게 행운이지만"
"""자유로운 분위기에 업무 환경이 매우 좋습니다.""","복리후생이 뛰어남. 파견직이어도 지원해주는게 많음
통신비 지원과 콘도 지원 해주는게 좋습니다.","조직개편이 잦은편이라 팀 적응하기가 힘들다. 전체적으로 개인주의 문화여서 편한듯하면서도 불편하다.","직원들의 불만을 참고하여 해결해주셨으면 좋겠습니다."
"""자유로운 대기업 분위기로써, 매우 워라벨이 좋습니다
대기업을 간다면 추첨함""","성장가능성을 위한 노력이 가능하다. 그리고 워라벨이 좋다.","체계가 없다. 사람을 아는 것이 중요하다. 사람을 모르면 일이 어려워진다","구성원 이야기를 더 들어줬으면 좋겠다. 아쉬운 것은, 그때만을 위한 일을 한다는것"
"""대한민국에서 가장 근무 환경이 좋은 회사 중 하나""","급여/복지 수준은 대한민국 최고 수준이며, 휴가나 연차 등 기본적인 대우가 좋습니다. 더불어, 회사 구성원들의 전체적인 수준이 높은 편이어서 일하기가 편합니다.","인력 계층이 역피라미드 형태로 구성되어 있어, 잘못된 조직에 들어갈 경우 주니어가 모든 일을 하게 되는 불합리한 상황을 겪을 수 있습니다. 다른 대기업들이 모두 그렇듯이, 높은 연봉을 받으시는 부장급들 중 일을 안하는 분들도 상당 수 있어 이런 문제가 어렵습니다.","회사의 현황에 대해 적나라하게 파악하는 노력이 매우 중요하다고 생각함"
"""더이상 설명이 필요없는 대한민국 최고의 IT기업입니다.""","직장인 입장에서는 최고의 직장입니다. 모두가 서로에게 이성적이고 젠틀하며 매너를 지키는 것을 중요하게 생각합니다. 둘러보면 모두 훌륭한 인재들로 구성된 조직임을 쉽게 알 수 있습니다. 기업의 대내외적 평가나 성장성도 의심의 여지가 없구요.","그야말로 정신을 바짝 차리지 않으면 안되는, 항상 긴장하고 스스로를 단련해야 하는 곳입니다. 편안함에 익숙해지면 '나'의 경쟁력을 어느새 잃어버리고 그냥 하나의 직장인에 불과한 모습을 발견하게 됩니다.","조직개편에 따라 경영의 연속성에 의문을 갖게 되는 때가 종종 있었습니다. SK텔레콤의 특징이기도 하겠지만, 더 날카로울 수 있는 역량이 있는데 발휘되지 못하는 것 같아 아쉬울 때가 있습니다."
"""안정적이고 무난한 기업문화. 주니어가 성장하기엔 글쎄""","통신 비즈니스가 탄탄해서 안정적이고, 신입사원 보상이 최고이다. 연봉도 세고, 교육 훈련 지원도 잘해준다. 휴가도 아주 눈치 안보이는건 아니지만 대체로 편하게 간다.","통신 사업 제외하고 다른 사업에서 성과를 제대로 내지를 못한다. IT 기업을 지향하나 IT 기업처럼 빠르게 실행하지는 못한다. 그결과 주니어가 빠르게 성장하지 못한다.","조직개편에 대해서 구성원들이 항상 두려워하는데 잘 커뮤니케이션해주면 좋겠다. 이런 불안감과 쓸데없는 소문만 없었어도 업무 집중이 더 잘되었을 것이다."
"""전통적인 통신강자 입지를 통해 쌓아놓은 재무건전성을 기반으로 신성장동력을 열심히 찾고 있음. 찾으면 대박 못 찾아도 죽지않음.""","재무건전성, 비교적 열린 기업 문화, 다양한 직무 수행이 가능한 인사제도, 높은 급여","짧은 근속연수, 노후화된 인력구조로 인한 부담( 고참 평직원이 전문 직무에서 유유히 직장생활할 수 있는 분위기는 아님. 오래 버티려면 직책자가 되어야.. 하지만 자리는 한정) 즉 성장 정체가 이슈임. 신성장동력 찾으면 해결.","구태적 조직문화 존재, 비전문적 고위직을 설득 교육하는데 엄청 노력해야하나 바뀌지 않음. 배우지 않음."
"""안정적인 실적, 좋은 근무 환경, 우수한 복지 제도를 보유한 회사""","업계 선두 기업으로 경제환경 변화에 따른 실적 변동성이 적고,
본사인 티타워 근무 환경은 우수한 편이고 복지 제도도 최상급
급여 수준도 높은 편이며, 직원 교육에 대한 제도도 잘 마련됨","통신업 자체의 수익성이 지속적으로 악화되는 상황에서,
정부의 요금 인하 압박 및 주파수 경매 부담 등이 커서
장기적인 수익성 유지가 가능한지 의구심이 존재함

11번가, 하이닉스 인수, 캡스 인수 등 통신업이 아닌 다른 업종에
대한 투자 및 인수합병을 활발히 진행하고 있으나

결국 다양한 영역에 투자하는 지주회사 형태로 변화할 것인지
그렇게 되면 기존 통신 영역에 근무하는 구성원들은
자회사 형태로 분사하게 되는 것은 아닌지 불확실성이 존재함","40대 초중반 직원의 비중이 너무 높아서
팀장이나 임원 자리를 무한정 만들 수 없는 상황에서 적체가 심함

적극적인 인적 구조개편이 필요하다고 생각됨"
"""기업문화가 좋고 직원들이 대부분 만족하며 다니는듯. 이직없음.""","인프라가 확실해서 안정적이다. 사람들 모두 좋은편 꼰대없음","회사 다니는동안 단점은 잘 찾아보기 힘들었음. 단점이 없어보인다","제가 경영진에 바라는점은 없습니다..퇴사한지 오래되서.."
"""최고의 자부심으로 노력하는 회사. 변화하기 위해 노력하는 회사""","고객의 자부심을 모토로 변화하는 고객의 요구에 목소리를 기울이고자 노력함. 기업문화도 변화하려고 지속적으로 노력함.","노력에 비하여 구성원들 모두가 공감하고 실행력 있는 변화가 있다고 보기 어려움. 약간 공무원과 같은 느낌으로 변화시도에 크게 움직이지 못함.","변화를 원한다면 변화의 방향만 정하는데서 그치지 않고 위에서부터 실천의지를 보여줘야 함. 눈치게임이 반복되지 않도록 할 필요가 있음"
"""디자인을 배우기 보다는 대기업의 문화, 관계, 커뮤니케이션의 스킬을 배울 수 있었다.""","1. 기본적으로는 연차 눈치 안보고 쓸 수 있음. 그러나 팀마다 케바케임.
2. 복지가 잘되어 있음. 함께 일하는 데 매너가 좋음.","1. 크리에이티브한 디자인을 요하진 않음.
2. 디자인적으로 성장하기 위해서 좋은 직장은 아님.","합리적인 보상체계를 만들어주었으면 좋겠다."
"""생각외로 수평적인 관계 급여에 비해 높지않은 근무강도 하지만 이거야말로 부서 바이 부서""","모든 업계내에서도 상위에 속하는 연봉,복지 자기의견을 내기 어려움이 없음","자리만 차지하고 오래앉아있으면서 월급 축내는 사람이 다소 많음 근무강도와 분위기가 부서에 따라 천차만별","주니어들에게만 넘쳐나는 과도한 일거리"
"""지속적인 교육을 받을 수 있도록 신경써주고 열심히 근무하게 하는 분위기""","자유로운 분위기 속에서 직원들과 대화하며 근무할 수 있는 분위기.
손님이 없을때는 자기개발을 할 수 있음","영업에 대한 스트레스가 많고, 휴식시간이 불균형하여 힘듦
회식이 잦음","영업을 늘리기 위해 어떻게 해야될지 지속적인 회의와 노력이 필요함"
"""육체적 피로보다 정신적 피로를 잘견디는 분에게 적극 추천하는 직정""","직원에게서 스트레스 받을 일없음 / 좋은 회사 분위기와 복지","업무난이도! 그 외에 지적할 만한 사항 전혀 없음 / 시간단위 정기적 휴식이 없어 힘든 환경 / 쉬는데 눈치는 의외로 보이지 않으나 실적등으로 곤란한 점이 많음 /","인력이 많이 충원된다면 자연스럽게 해결될 문제가 많은듯, 기업에서 채용을 적게한다는 인상은 전혀없으나 업무 난이도 등으로 퇴사율이 높은듯"
"""대한민국 대기업의 복지수준을 선도할만한 곳. 그러나 업무 스트레스도 그만큼 최강일지도...""","아르바이트(단기계약직) 장기계약직과 준하는 복지를 누릴수있음. 사대보험은 물론 사내 카페테리아, 도서관 등을 모두 이용할수있으며 근무 시간 중 기업 내 유명인사강연에 가도 뭐라하는 사람 아무도 없음. 명절선물까지 챙겨줄 정도로 사옥 내 모든 직원들의 복지가 잘갖춰진 느낌.","단순직무라 따분하고 배울 것이 많지 않음. 밖에서 보는 것만큼 기업문화가 그렇게 진보적이지 않은것 같다. 생각보다 현실적(?). 계약직 중에는 탈출(?)을 꿈꾸는 분들이 꽤 많다. 업무 스트레스가 엄청남..","생각보다 업무에서 전표관리가....허술+엉망인 경우가 있다... 최고의 통신IT기업이 맞는지 의문이 들정도. 돈을 들일 필요가 없는 쪽이라 생각해서인지. 주먹구구식의 관리는 바꿔야하지 않을까."
"""판매직은 말그대로 실적없으면 받아가는돈이 적다
상부에서 실적없는 대리점은 압박을주며 각종 이권을 못받음.""","대리점이였고 사장님이 좋은분이라 편하게 재량껏 일을 할 수 있었다.
3개월쯤 하고나니 일반회사원보다 돈은 더벌 수 있었음
군대가기전까지 일을했는데 나름 재미있게 일을 할수 있었다","복지제도가 다양하지만 실제로 사용하는건 별로 없음.
혜택은 많다 이용할 수 있으면 무조건 이용하는게 좋음","실제로 사용할수 있는 복지혜택을 받기를 바라며 , 판매실적보단 판매할 수 있는 기반을 다져주는게 여러모로 직원,기업에 도움될 것 같다"
"""개발자로서 스킬상승은 있으나 워라밸 최악. 기본 퇴근이 10시임""","자유로운 분위기, 정형화된 업무, 근처에 먹을 곳 많음(을지로).","문서작업시간이 너무 많음, 하루종일 일만해도 시간이 부족할정도로 업무량 많음.","직원에게 너무 압박을 안했으면 합니다. 특정 인물들에게 업무가 너무 많이 주어집니다."
"""명실공히 최고의 회사, 다만 해외법인 근무는 추천하지 않음""","연봉, 복지에 있어 최고의 회사. 부문별, 팀별 복불복으로 빡센 곳도 있지만, 워라밸 가능한 부서가 많음.","그룹 내 타법인 대비 텔레콤은 해외 신규 사업 추진에 있어 어려운 점이 많음.","글로벌 신규 사업 추진에 있어 좀 더 적극적인 의지를 보여줬으면."
"""기업문화가 좋아서 편하게 다닐 수 있는 곳이고 여러가지로 빠지는 점 없음""","연차를 눈치 안 보고 쓸 수 있고 직급이 없어서 수평적인 분위기에서 일할 수 있음. 근무시간 탄력적 조정 가능","기존 BM이 좋다보니 신규서비스에 대한 인식이 높지 않은 편이나 최근에 개선되고 있는 중","신규 사업 추진을 1년짜리 단기가 아니라 장기적 성과 선에서 봐 주었으면"
"""도태되있는 분위기가 만연한 곳. 개개인 스스로 정치하면서 보람없이 다닌다.""","출퇴근이 비교적 자유롭고, 오래 다닐수 있는 분위기가 만연.","보고를 위한 보고서 작성, 모든 지시에 가능하다고 조아리는 분위기.","무능력한 사람들이 남아서 해먹는 분위기..를 자각 하셨으면."
"""개개인에게 기회가 많이 주어진다. 전문성 기를 수 있는 곳""","워크 앤 라이프 밸런스 측면에서 탁월 .52시간 근무제 잘 지켜짐","부서마다 다르겠지만 일을 배우기 보다는 직접 헤쳐나가야하는 시스템","개개인에게 기회를 많이 부여하는 것 처럼 배울 수 있는 기회도많이 주었으면 좋겠음"
"""수평적인 조직구조를 띄어 의견을 자유롭게 제시 가능""","수평적인 구조, 근무시간 2주 80시간 제도를 도입 해 자유로운 근무 가능","단순 보고를 위한 문서 작성이나 자잘한 업무처리 요구가 많음","지금보다 더 직원들을 위해 노력해줫으면 하는바"
"""야근이 많이 있지는 않습니다. 생각보다 출근시간 퇴근시간 자유로움""","연차 눈치없이 쓸수잇음, 자기개발비 복지포인트 넉넉히 들어옵니다. 제조위주 회사들보다 역시 자유롭고 프리한 분위기","타 대기업, 다른 sk비교 연봉이 높지는 않음. 상승률또한 엄청 높은편은 아님. 그래도 야근이 많이 없기때문에 이해가능한 수준.","합리적인 보상 체계를 만들어 줬으면 좋겟다. 프로젝트에 따른 보상이 미미하여 의욕이 좀 떨어짐."
"""오전 9시 출근 오후 9시 퇴근 주 6일에 150만원을 받는데 일년에 10만원씩 인상한다고 함. (2014년 기준) 업무량은 적으나 워낙 장시간 일하느라 다른 생활은 불가능하고 돈쓸 시간조차 없음.""","직장과 집만 계속 왔다갔다 하므로 돈 쓸 시간이 없어 몇 년 일한다면 목돈을 모을수도 있음.","사무직이기는 하지만 점심시간이 따로 없고 손님이 뜸한 시간에 교대로 허겁지겁 도시락(본인이 준비)을 먹어야 함.","오랫동안 일할 사람을 원한다면 근무시간을 주 40시간으로 조정하기를 권고함. 주 6일 48시간 일하는 직장이라면 그만한 메리트(금전적 보상이나 대체 휴가)가 있어야 할 것임."
"""복지가 좋으나 안주하는 분위기가 만연해 있다고 생각함""","복지는 국내 대기업 중 최고 수준이라고 생각함
수평적인 기업문화","안주하는 분위기
인력 적체
잦은 조직 개편
글로벌 사업 부재","의사결정 및 장기적인 관점에서 사업 추진"
"""부서별 사람별로 업무강도가 매우다름 대기업이라는 자부심""","대기업다운 복지와 규모의 경제를 확인가능, 복지가 좋은것 같고 휴가가 비교적 자유로움","인턴전환율이 매우적음. 본사 사무실에 안계시는 분들이 많음","상반기 인턴만 모집하는 형태를 바꾸던지 전환율을 높여줬으면"
"""늘 그렇지만 대한민국 최고의 직장. 업무에 대한 자부심, 높은 연봉과 복지, 안정적인 인사제도.""","한가지에 집중할 수 있는 기회, 저변을 넓힐 기회가 많음","인사적체? 고스펙에 뭉쳐진 사회에서 볼 수 있는 전형적인 부족함들이 간혹있음","안정적인 신사업 추진, 정부와의 지속적인 comm"
"""국내 1위 통신사, 20년연속 국가고객만족도 1위 and what else?""","1.MNO 1위, 가입고객수 천만이라는 엄청난 캐시카우 2.사내유치원, 피트니스센터, 구내식당을 포함한 복리후생 및 자기계발에 대한 지원 국내최고수준 3.팀장을 제외한 모든 직책은 매니저로 호칭이 통일되어(계약직, 파견직, 파트타이머 모두 포함) 의견 개진시 눈치 안 보임. 연차 사용도 매우 자유로움 4.팀바이팀이지만 사람때문에 스트레스 받는 일 크게 없음. 굳이 뽑자면 연차로 목에 힘주는 사람 or 업무 미루거나 밀어내는 사람 정도. 인사팀이 사람 잘 뽑는 듯 5.정시퇴근해도 뭐라하는 사람 없고, 특히 매주 수요일엔 패밀리데이라고 노조 차원에서 정시퇴근종용","1.포괄임금제(주는만큼 굴리는건지 굴린만큼 주는건지 헷갈림) 2.아웃풋 대비 턱없이 적은 인풋(종업원수 기준 kt 2만명, skt 4천명) 3.지금도 충분한데 업무효율성 더 높이겠다며 이런저런 모험을 많이 함. 팀장급도 위태로운 위치 4.MNO 1위 자리는 굳혔고, 신동력 창출하겠다며 몇년전부터 사업구조 및 조직개편중인데, 향후 5년 간 산만한 분위기가 지속될 것 같음(임원이 자주 바뀜. 조만간 사장 또 바뀔 거라는 분위기) 5.사람 피 말리는 성과주의(4천명으로 굴러갈 수 있는 이유)","고객의 자부심이라는 이상한 캠페인 좀 중단하고, 인력수급이나 원활하게 해줬으면. 엘리베이터 탈때마다 낯 뜨거워져서 바닥만 보게 됩니다. Can’t take my eyes off you는 너무 진부하지 않나요? 90년대로 돌아간줄..."
"""대기업에 다닐 수 있는 기회로 어린나이에 경험해보기는 좋으나 파견계약직에서 그치는 고용형태가 아쉬웠다. 아무리 열심히 일해도 고용형태는 바꿀 수 없는 구조.. 자체계약직 기회라도 주어질 수 있으면 좋겠다.""","핸드폰 사용요금 지원혜택이 일단 가장 크고, 지원들에 대한 복지가 좋은 편이다. 기업문화가 자유로운 편이고 호칭은 매니저로 통일되는 점이 좋다. 야근도 많지 않은 편이다. 윗사람 눈치보여서 야근하는 분위기는 아님..","아무리 열심히 일해도 고용형태는 바꿀 수 없는 구조로 자체계약직 기회라도 주어질 수 있으면 좋겠다. 고용이 2년이 제한이라는게 아쉽다. 열심히 일하면 계열사 이동 추천은 해주기는 아지만 파견 2년 제한이라는 것은 고정..","그래도 만족하고 다닌 편이다. 자유로운 기업 문화에 분위기도 좋았다. 열심히 일한 직원에게 정규직 전환 기회가 주어지면 좋겠다. 급여도 용역회사가 떼가는게 많아서 슬픔.."
"""수평적이고 서로 편안하게 어울리는 분위기""","수평적인 사무실 분위기, 을지로에 있는 사무실, 여러가지 복지 혜택, 훌륭하고 배울점이 많은 선배 밑 동기, 구내 식당 엄청 맛있음","그닥 단점으로 생각할만한 점이 떠오르지 않는다.. 회식도 별로 없었고 서로 존중하는 분위기였고.. 팀바팀일듯","과거 재직 회사라 현재 상태를 확실히 모르지만 현상유지만 해도 훌륭하지 않나 생각한다"
"""역량있는 다양한 동료들과 삶과 일의 균형을 이룰 수 있는 직장임""","핵심 bm에서 창출되는 다양한 cashflow와 큰 기업이 기본적으로 갖추어야 할 기업문화를 가지고 있음","확실한 bm을 벗어난 다양한 신규사업을 시도하나 기본 장치 사업자의 기업문화를 벗어나지 못하여 변화에 둔감함","과감한 변화를 위한 포트폴리오 매니지먼트가 중요함"
"""주어진 업무만 수행하면 되는 곳, 자기발전이 노력하면 가능한곳이고 연봉이 쌘편이라 꿈의 직장이라 불리우는 듯.""","연차 자유, 강요없는 분위기, 근무강도 약함 복지는 왠만한 대기업들보다 좋다고 할 수 있음. 선배들이 묻는것에 잘 알려줌 독과점 통신기업.","정형화된 일만 하면 되는 곳이라 발전하기 위해서는 업무 외 다른 공부를 해야하는데 이게 쉽지가 않음.","대체적으로 만족함. 회사 내 자기개발을 위한 프로그램이 많으면 좋을것 같음."
"""정규직으로 들어간다면 정말 계속 다닐수 있다. 계약직은 딱 그 업무만하고 제한이 있다. 어릴때 경험으로 들어가길 추천""","전직원 복지가 최상, 연차 눈치 안보고 쓸수 있다.노동조합에서 쓰도록 독려함,수요일은 무조건 6시칼퇴해야함 , 각종 혜택도 많으며 직원을 위해 의료서비스, 혹은 초청강연등의 복지가 좋다","부서마다 다른데 회의가 많은 부서도 있고 좀더 자유로운 부서도 있다. 자율출퇴근제를 시행 하는 부서도 있고 아닌부서도 있어서 장점이자 단점이 될 수있다","아무래도 일 잘하는 사람을 좋아한다. 모두를 끌고 간다기 보단 잘하는 사람을 끌고 가려는 모습이 더 많다."
"""연봉은 사기업, 기업문화는 공기업. 하루 하루 흘러가는대로 편안하게 직장생활 할 수 있는 곳. 그러나 자신만의 비전을 갖고 있지 않으면 빠른 시일 내에 흐리멍텅해진 눈빛과 흐트러진 옷, 헝클어진 머리를 하고 입 벌리고 다니고 있는 생각없는 자신을 발견하게 됨.""","시장 1위의 여유를 느낄 수 있음. 내가 열심히 하나 안 하나 어차피 실적 변동은 거의 없음. 하루 하루 편안한 직장 생활을 할 수 있음. 정년 보장.","실적을 높이기 위한 회의가 많은 편. 하지만 사업 특성상 한계가 있다는 것을 조직원 모두가 알고 있음. 그래도 사기업의 탈을 쓴 만큼 뭐라도 공격적인 모습을 보여야 하기에 다같이 쇼를 하는 분위기.","구체적인 비전 제시를 했으면 좋겠다. 더 이상 큰 매출 증가를 기대할 수 없는 산업인 만큼 직원들이 뭔가 새롭게 도전할 수 있는 사업을 제시했으면 좋겠다."
"""대기업의 체계는 잘 갖추어져있으나 일하는 시간과 업무량에 비해 박봉이다..""","온갖종류의 사람을 만날 수 있다. 업무특성상 진상이 많으며 몸에서 사리를 만들 수 있다. 직원들끼리는 서로 다독이며 잘지내는편이었다.","야근과 주6일근무로 개인생활이 거의 없다고 보면된다. 거기에 박봉은 덤. 온갖진상을 만나 멘탈을 단련할수도 있겠지만 오히려 멘탈이 깨지고 사회에대한 나쁜 감정만 생길 수 있다.","손님을 왕처럼 모실게 아니라 직원을 아끼고 지원해주면 좋겠다."
"""국내기업중 연봉과 복지 측면 그리고 구성원들의 잠재역량이 최고 수준. 다양한 사업만큼 다양한 문화가 혼재. 기업문화의 melting pot""","안정적 사업모델, 지속적인 혁신시도, 기업전반에 걸친 젠들맨쉽, 업계1위의 브랜드","제도의 잦은 변화, 느슨한 성과관리, 온정적 문화, 변화에 대한 내부저항, 노조","직원규모가 더 커져도 됨, 꾸준한 제도 운영 필요, 철저한 성과 관리"
"""엘지텔레콤보단 좋아요. 길거리에서 가판하는것도 없습니다.""","실적압박이 타통신사에비해 낮고 최소급여보장도 해주기때문에 안정적이긴해요","인센티브가 작고 교육이많고 간판은 SK텔레콤 직원이지만 개인대리점 사장밑에서 근무하는거기때문에 윗사람이 여러명있는 느낌입니다.","판매직군 처우도 개선해주셧으면 하는 바람입니다. 핸드폰판매점에만 신경쓰지말고 대리점에 투자많이해주셧음 좋겟어요"
"""기업문화와 급여, 복지 등은 국내 대기업 및 외국계 기업들과 견주어 나무랄데없이 훌륭합니다.""","친화적인 분위기와 훌륭한 복지 서비스를 갖추고 있으며 특히 개인 휴대폰 비용, 복지시설, 교육기회 제공 등은 아주 훌륭합니다.","전문인력의 부족으로 인해 업무 전문성이 조금 떨어지고 기업문화가 상당히 관료적인 면이 큽니다.","지속성있는 조직투자와 능력있는 인재발굴 및 유지에 집중하시면 좋을듯 합니다"
"""처음에 기대했던 딱딱한 분위기와는 달리 수평적 구조가 형성되어 있는 회사입니다.""","낯선 환경에서 적응을 잘 할수 있도록 주변 구성원들이 많이 도와주는 편입니다.","갑작스런 결정이 비민주적으로 이뤄질때가 있습니다. 사원의 입장에서 그럴 경우 많이 허탈해지고 업무의 효율이 떨어질 수 밖에 없습니다.","비민주적인 의사결정이 줄어들었으면 좋겠습니다."
"""기업 문화가 대기업치고 매우 유하다. 서로 웃으며 근무하는 분위기""","매니저님이라고 통일되게 불러 상사들 얼굴과 직함을 외우는데 부담이 없음. 야근 강요 없고 오히려 인사없이 자리에서 뜨는 경우도 많다","디자이너가 필요하면 공채를 넣지 계약 파견직이 허다하다. 3개월에서 길면 6개월까지 계약직 디자이너 갈아치우는 비용과 인력 낭비가 쓸데없음","티오를 늘려줬으면.. 너무 안뽑는다. 돈도 많이 벌면서"
"""손안에 쥔 부를 놓칠까봐 전전긍긍하며 어떻게든 활로를 찾아보려 시도하는 회사""","시대의 급격한 흐름 변화와 무관하게 기대수익이 어느정도 보장되며, 그만큼 급여도 안정적임","입으로는 누구보다 진보적인 척 하지만, 속내는 누구보다 보수적임","수년간 부르짖는 것처럼 산업 혁명을 이루려면 조급함과 선입견을 버렸으면 함"
"""대기업에서의 경험을 해보고 싶은 사람에게는 추천""","복지가 좋음, 야근수당, 휴일근무, 등 일한 것에 대한 페이는 확실히 보장됨, 그 외 식사비 등 기본적 복지도 좋음","일이 엄청 급하게 진행되는 느낌... 갑자기 해야할일이 생기고 그걸 할 사람은 없음.. 그럼 내가 해야됨..","딱딱한 분위기는 어쩔 수 없는 것 같다.. 각자 자신의 일까지만 딱 선긋고 하지말고, 적극적으로 나서서 다같이 하는 분위기였으면.. 물론 그럴 순 없겠지.."
"""복지 연봉이 최대인 회사... 노력하면 얻을게 많지만 현장을 잘 모르는회사""","연봉 복지 네임벨류가 최고이고 낮은 퇴사율이 모두 설명함","현장을 너무 알지 못하는 부자집 막내아들 같은 분위기 임원은 책임지기 싫어함","빠른 결정이 필요하고 현장과 연동된 사업 개발이 필요함"
"""지사에서 근무했던만큼 본사와는 약간은 다른 문화에서 일을 했다.""","무언가 회의를 통해 결정되는부분들이 좋긴하다 내가 이야기하는 부분들이 반영되는점도 좋은 부분이다.","지사다 보니 본사의 수평적인 문화가 100퍼센트 적용되진 않았다.","좀더 유연한 사고?
겉으로만 수평이 아닌 내면적으로 수평화 요구"
"""유연한 회사분위기와 계약직임에도 많은 혜택을 누릴 수 있는 것이 큰 장점""","자유로운 업무활동으로 출퇴근이 유동적이였음.
업무달성시 눈치없이 퇴근 가능","업무가 끝난 시간 이후에도 급작스러운 업무지시가 많았음.
/잦은회식","업무시간 이외의 지시와 형식적인 보고서 작성은 굉장히 불필요하고 불편하므로 고쳐줬으면 함"
"""돈받으며 편하게 오래 일하고 싶은 사람에게는 좋은 회사이지만 이 회사를 퇴직하고 나서는 미래가 없을 수있음""","연봉이 높고 사내 복지가 좋음. 이로인해 어디 이직을 못하는 단점이 있지만, 관련 직종뿐만 아니라 다른 곳 비교해서도 상당히 높은 수준의 연봉과 복지가 제공되고 있음.","쓸데없는 보고가 너무많음. 팀장을 위한 보고, 본부장을 위한 보고, 부문장을 위한 보고, 보고를 위한 보고, 또 그 보고를 위한 보고서 만드느라 시간이 다감. 일에 전문성을 가지기 보다는 윗사람 방향에 맞추어 이리저리 흔들리다가 남들보다 뒤처짐","조금더 말랑말랑한 생각을 가지고 새로운 사업을 해보려는 시도가 있었으면 좋겠다. 너무 숫자에만 얽매혀 있지 않길 바란다. 아래 사람들의 생각을 들으려는 노력을 했으면 좋겠다."
"""사람들간 분위기 좋고 노조덕분에 복지가 괜찮은 곳""","연차 및 복리후생이 좋음. 직원들간의 분위기도 매우 좋은편. 계약직의 경우 파견직은 복지 사각지대가 있으나 밥값도 싸고 연1회 보너스도 만족.","계약직 및 파견직. 절대 전환없음. 계열사로 추천은 해주는건 팀장의 몫, 한번 일하고나면 재입사도 불가능함.","계약직 쓰고 평가 좋으면 전환 좀 시켜주세요."
"""일이 엄청 빡센 곳이었다. 업무 강도 최상""","기업의 인지도 높음. 일을 많이 배울 수 있었음. 위치가 을지로라서 교통 편함. 티타워 밥 맛있음.","야근의 일상화. 칼퇴하면 안좋게 봄. 대기업 특성 상 다른 사람이 뭘 하는지 알 수가 없는데 본인들이 뭘 해놓고 알려주질 않음. 그거 때문에 내 업무에 지장이 많았음.","불필요한 대기 시간은 줄여주셨으면 좋겠음. 굳이 휴일 반납하며 나와야 했나 불만 사항 많음."
"""개발 역량을 키울수 있는 특수한 팀에 있었음 그 외에 팀에서 개발 커리어 쌓기는 불가능""","자유로운 휴가와 높은 연봉과 복지로는 최고의 회사입니다","조직개편이 심하고 어느 부서이던간에 분사의 위험은 존재하기 마련이다","신규 사업에 대한 지속적인 지원 필요. 3년마다 물갈이는 없었으면"
"""계약직이라고 해서 무시하지 않고 그들을 인정해주고 우대해주는 기업입니다.""","다양한 복지제도와 T타워의 시설이 좋아 깨끗한 환경에서 근무할 수 있었습니다.","업무 특성상 야근이 많을 수 밖에 없고 사업의 운영 상황을 아래 직원에게는 상세하게 알려주지 않는다는 느낌이 들었습니다.","신규 사업을 추진하고 운영하기 위한 최소한의 인프라는 구축이 되어야 있어야 한다고 생각합니다."
"""버틸 수 있다면 다니시길
강한 멘탈로도 견디기 어려움
고객상대 뿐만 아니라 내부프로세스가 빡쎔""","여성들이 많은 만큼 여성을 위한 복지, 다른 cs에 비해 높은 급여","내부 프로세스가 광장히 빡빡함
지켜야할 지침 너무 많음
하루하루가 버티는 삶","상담원을 옥죄는 프로세스
윤리적이지 못함
너무 많은 것을 요구함"
"""대한민국 톱클래스의 월급과 복지 그것으로 skt를 말할수 있다""","자율복장과 성과에 따른 그에 합당한 보상
일정부분 업무 추진시 자율권 보장","보고를 위한 보고서 자율적으로 보이나 보이지 않는 유리벽이 느껴지는 환경 신규 사업을 위한 창의력을 발산하기 어려운 구조","오너 눈치 보지않는 사장과 임원들로 바껴야 할듯"
"""복지하나만으로 그냥... 다닐만한 회사, 솔직히 기업문화는 전반적으로 유한편이다.""","수평적이나 그만큼 업무분담이 잘 안되는 감이 있음, 특히 그에따른 떠넘기기가 심함","문돌이들의 회사이므로 사실상 ICT회사는 아님, 마케팅회사임 기술역량쌓기는 힘듬","문돌이들이 그만 지배하게 했으면.. 공돌이들도 요직에 나가야한다"
"""급여,복지, 재무상태에서는 최고의 직장, 퇴근시간이나 연차가 잘 지켜졌으면""","복지가 좋음, 급여도 같은업종에서 거의 최고수준이라고 생각함","퇴근시간이 정해져있지 않음, 체계적이긴하나 문서작성이 많음","군대 문화를 좀 줄여줬으면 좋겠고 퇴근시간이 지켜졌으면 좋겠습니다"
"""겉으로 보이는 복지와 수평문화는 정규직만 적용됨. 계약직은 절대 정규직 전환 안하니 헛된 기대 말것""","사내 식당이 있어서 조식을 제공하고 매주 수요일 패밀리데이로 6시 퇴근 문화 있음. 쉽게 접하지 못할 큰 규모의 사업기획과 온오프라인을 아우르는 다양한 이력을 만들 수 있다","전문/경력 계약직이라도 급여가 형편없음. 역량보다는 전직장 기준 급여책정. 정규직은 매니저라 불리나 계약사원은 이름을 부르거나 00씨로 부름. 팀에 따라 다르지만 계약직은 역량이 되는데도 중한 업무는 맡기지 않으며 아예 상관없는 업무를 주거나(RA) 자기가 할 일을 바쁘다는 이유로 계약직에게 시킬때가 있음. 타운홀 미팅이라는 구성원 전체 행사나 임원진 만남이 있을 때는 아예 제외를 시켜서 기업문화 개선점을 제안을 하고 싶어도 기회가 주어지지 않음","인력 활용 좀 잘하시길. 퇴직금 안 주려고 필요한 인력인데 계약연장 안하고 해당 인력을 파견계약으로 다시 뽑는건 뭔가. 모듈단위 밑으로 내려갈수록 구멍이 많다. 예산없이 프로젝트 성과내길 바라지말고 팀활동비나 회식비를 줄이시길."
"""복지가 잘 되있고 경영진이 젊고 모두 척하다""","정말 높은 복지 좋고 착한 사람들 깨끗한 건물과 깔끔한 내부. 시설도 최고","야근이 좀 잦고 체계가 대기업 치고눈 잘 안잡혀 있고, 자율 시간이 많이 부족함","대기업답게 잘 커가고 있으나 가끔은 좀 쉬어갔으면"
"""명실상부 대한민국 최고의 통신회사, 그에 걸맞은 사원 대우, 사원으로 하여금 애사심이 저절로 생기게 해줌""","다른 회사들에 비해 자유로운 분위기
한국 회사 중 비교적 개인의 능력을 대우 해줌
비교적 높은 고용안정성","삼성전자나 현대차 정도의 기업과 비교하면 월급이 적음
개인의 발전보다는 회사의 발전을 위해 일한다는 감이 없지 않음","앞으로도 계속 사원들을 사랑해주시고 조금만 더 세대간의 격차를 줄이면 좋겠다"
"""대한민국 대기업 중 탑클레스. 연봉, 복지 등 모든 면에서 여타 기업에 밀리지 않음""","수평적인 문화와 아이디어를 실현하는데 스피드가 있음. 예산 투자가 되는 사업도 신속히 진행 가능. 노조의 힘 또한 강함","수평적이다 보니 부서간 경쟁이 심함. 부서간에 유사한 일로 경쟁하는 일도 가끔 발생","약간의 체계가 필요합니다.
매니저 제도가 개선될 필요가 있습니다"
"""안정적이고 깔끔한이미지의 회사. 누구나한번쯤 일해ㆍ브고싶은회사""","복지와 연봉 그리고 안정적인 보너스. 본사직원들의 자부심","의사결정이 느리고 공무원적인 느낌 많음. 똑똑한사람 와도 실력발휘가잘안됨","개인의 역량을 더 발휘할수있는 분위기를 만들어주세요."
"""높은 급여와 최고수준의 복지환경, 허나 정체된듯한 사내분위기""","업계 1위다운 높은 급여와 좋은 복지, 수평적이고 자신의 일 외에는 딱히 터치하지않는 근무환경","연령대가 높은편으로 전체적인 분위기가 보수적이고 정체된듯한 느낌이 있음, 야근이 자주있어 여가시간이 부족함.","일을 효율적으로 배분함에 있어서 다소 미흡하다고 생각됨."
"""높은 인지도와 급여, 복지는 인정함. 동시에 통신업이라는 세련된 이미지는 덤. 그러나 엘리트주의 심함.""","높은 급여, 뛰어는 복지, 대외 인지도. 통신업이라는 업종 자체가 주는 세련된 이미지.","보고 문화가 많고, 엘리트주의가 심함. 지방대는 명함 못 내밈. 그리고 현장 마케팅에 대한 대우가 각박하고, 경력직 혹은 skt 공채 출신 외에 대한 배척이 있음","일하기 좋은 문화를 내세우지만 능동적으로 일하게끔 하는 문화는 아닌듯 함"
"""복지와 처우는 세계 최고수준 문화는 자기하기나름임....""","복지와 처우는 세계 최고수준 문화는 자기하기나름임....","팀장 잘못 만나면.......................답없음","개발팀 문화를 혁신하기 바람. .............."
"""유흥을 좋아하는 사람들에겐 아주 좋을듯함. 대부분이 열심히 놀고 일하는 시간은 적음. 첫 회사였던 이전 직장과 많이 대비가 됨.""","대기업답게 복지가 매우 좋음. 식대 제공되고 구내식당이 매우 잘되어있음. 칼퇴도 가능함. 서울의 중심에 위치해 지리상 이점도 꽤 있음.","기획전략팀 자체가 역피라미드형으로 신입사원이 성장할 수 있는 기회가 많이 없음. 그러나 최근에 밴드가 사라지고 능력별 승진 기회가 주어져 더 지켜볼만함.","딱히 없으나 역피라미드형 구조 개선이 필요함. 부문별 일정수의 신입사원은 두어야 함."
"""대기업이 거기서 거기라서 평가할만한 것도 없군요""","전문적인 기술을 요하기 때문에 어쩔 수 없이 자기발전을 해야할 수 밖에 없음","상명하복의 군대와 다를바 없는 조직. 직원이 아이디어를 내면 회사에서 원래 내부에서 준비하고 있었다고 하며 가로채는 황당함","직원들은 개돼지가 아니죠. 달라지리라 기대하지 않기 때문에 바라지는점은 없습니다"
"""안정적인 환경, 하지만 정체된 분위기가 강하고 약간 복지부동의 느낌있음""","매출이 안정적으로 나오는 비즈니스 모델을 바탕으로 높은 급여와 복지가 장점","성장이 수년째 정체되어있음. 계속되는 신규사업의 실패로 직원들의 사기가 떨어져 있음","경영진이 비전을 수시로 바꾸지 않고 지속적으로 추진하는 것이 필요"
"""대기업을 지망한다면 최고의회사
화려한 연봉과 복지
밖에서 보면 구글. 안에서는 글쎄""","화려한 연봉과 복지
팀마다 다르겠지만 비교적 자유로운 근무환경
SKT라는 자부심","비교적 짧은 수명
개인의 자율성이 높지만 그만큼 책임감과 업무도 많음","플랫폼에 대한 확실한 정의가 필요
지나친 유통망 의존보다는 혁신다운 혁신 필요"
"""외부에 알려진 것보다 하드한 기업이다. 워라밸 기대하고 가면 적응하기 힘들 것이다""","높은 연봉/ 업계 1위의 자본력과 자긍심은 타사가 따라올 수 없는 강점","워라밸이 생각보다 좋지 않음
전사 사업 방향이 워낙 빡셈","보다 현실적인 방향의 사업을 추진하길 바랍니다."
"""서울에서 일하고 많은 경험을 쌓을수 있다. 연봉 많이 주고 일은 힘들다.""","서울에서 일하고 많은 경험을 쌓을수 있다. 또한 연봉을 많이 준다.","야근이 많고 매일매일 할일이 늘어난다. 상사 눈치보기 힘들다. 일이 많다.","복지가 좀더 좋았으면...좋겠고 좀 더 야근이 없었으면 합니다."
"""개발자가 대우받으며 보람차게 일할 수 있는 곳""","기업 분위기가 젊다. 개발자가 대우받으며 보람차게 일할 수 있는 곳이다. t 타워의 직원 복지시설이 매우 다양하고 좋다.","야근과 주말 근무가 불가피하다. 업무 강도가 높은 편이다. 구내식당 줄이 길어 점심시간이 제한적이다.","개발자가 대우받으며 보람차게 일할 수 있는 곳"
"""재미있는 실험을 하는 (플랫폼 비즈니스) 곳이나 내부 직원들은 플랫폼 회사를 지향하는 것에 대해 물음표를 띄우는 경우가 많음""","높은 연봉. 안정된 직장. 본사에서 근무하는 것이라면 T타워에서 근무한다는 것 만으로도 자부심을 느낄 수 있음","개인적 성장을 할 수 없음. 다들 안주하게 됨. 통신사에서 있다가 다른 곳으로 이직하기에 메리트 있는 커리어를 쌓을 수 없음.","없다. (어떤 말을 해도 별로 나아지지 않을 것을 알기 때문에)"
"""본사에서 근무했던 경험으로 복지 및 근무 환경이 매우 자유로운 편, 일에 대한 기한이나 제약이 크진 않았다.""","먼저 사내에 도서관이 있고, 책을 자유롭게 빌려갈 수 있다. 특히 IT 관련 책이 많으며, 도서관에 앉아서 편하게 책을 읽을 수도 있다. 화장실 역시 비데 설치로 엄청 깔끔했으며, 지하2층에 카페가 있는데 직원인 경우 1000원에 이용이 가능하다. 연차를 금요일에 쓸 수 있으며, 눈치를 보지 않는다. 대부분 금요일 혹은 공휴일에 몰아서 쓴다. 프로젝트나 기타 맡은 일이 없으면 자유롭게 근무한다.","부서별로 근무 환경이 매우 심하다. 내가 있던 곳은 팀장님의 재량 하에 엄청 부드럽고 자유로운 분위기였으나 기타 부서는 늦게까지 야근하는 경우가 잦았고 회식도 많이 하는 듯해 보였다.","임직원은 주차장을 자유롭게 쓰지만 그 이하의 경우는 주차비를 따로 내야한다고 하였다. 그래서 그런지 사내에 자차를 몰고 오는 사람이 없으며 대부분 지하철을 이용하는 듯 하다"
"""합리적인 기업문화 높은 연봉 그에 비해 적당한 근무강도가 매력인 회사""","연봉대비 근무강도가 강점. IoT산업의 최신 트렌드를 경험해 볼 수 있음. 영업하기 좋은 브랜드 인지도","경쟁사 대비 적은 직원수는 강점이자 단점. 파트너사에 과도하게 의존하는 구조라 제대로된 혁신 불가능. 적은 인원으로 일처리를 하다보니 디테일한 결과물이 잘 안나옴","직원 수를 조금 더 늘리고 파트너사에 대한 의존도를 낮출 필요가 있음"
"""돈은 정말 많이 주는데 주는것보다는 덜시키는 회사""","돈을 정말 많이 주고 탑티어 중 제일 수평적 , 복장착용이 자유롭고 표면적으로는 분위기도 자유로워 보임","보고를 위한 보고가 많고, 자금을 이상한 곳에 사용 / 수평적인 척 하지만 직원들 사이에 경쟁이 치열하고 야근이 많음","신규 사업 추진에 너무 불필요한 돈을 많이 사용하지 않았으면, 하던 사업이나 더 집중하는게 좋을 듯"
"""안정성과 성장포텐셜이 강함 급여 복지도 매력적인 회사임에는 분명함""","안정적인 수익성이 지속적으로 유지되고 향후에도 유지될 전망","규제산업 특성상 본업의 성장성은 제한적임 야근이 심한 부서는 업무량 과다","주인의식을 가지고 조직을 리드해주었으면 함 조직의 효율성 개선 노력도 지속해주었으면 함"
"""대기업 중에 사내문화와 복지가 상타...!""","똑똑한 사람이 많다.. 다들 스마트한 느낌이 있음. 물론 아닌 사람도 있지만.. 최근엔 외부에서 데려오는 경력직도 많아지는 추세. 그래도 아직 skt 공채로 들어온 로열 skt 사람들이 많다","신규 성장 동력을 찾아야 하는데 시도하는대로 족족 망한다는 게...","인사 관리를 융통성 있게 했으면 좋겠다"
"""업계 1위에 걸맞는 연봉과 복지를 갖추고있고 앞으로도 계속 성장할것이다""","시스템이 잘 갖추어져있으므로 신입사원이 체계적으로 배우고 적응가능함","점유율에 너무 치중하는 모습을 보임, 마케팅이 점유율 위주","경영진이 한마음한뜻으로 열심히하여 우주가 도와주길 바람"
"""전문성 쌓기는 어려움. 관리직종으로 이직 쉽지 않음.""","상대적으로 자유로운 분위기, 성과 중심적으로 그 외적인 부분에서 터치 적음.","체계가 잡히지 않은 분야가 많음. 인수인계도 잘 이뤄지지 않아 담당자가 바뀔 때마다 스타일이 달라지는 경우 많음.","신규사업에 대한 제대로 된 투자가 필요. 기존 사업 때문에 제대로 하기 어려운 부분이 많음."
"""주도적으로 자신의 일을 할 수 있는 곳, 뛰어난 인재들과 같이 일 한다는 자부심""","복지가 상당히 좋고, 연봉이 좋으며, 일하는 사람들이 대부분 고학력이다.","기업의 발전 가능성이 불분명하다. 정체되어 있어서 성장 가능성이 좀 낮은 것 같다","효율성만 강조하여 비용, 인력을 감축하는 것 보다 적극적인 사업모델을 찾아서 투자했으면 좋겠습니다."
"""대기업의 체계적임은 느낄수 있었지만 신부서인지라 체계가 전혀 안잡혀있었음""","복지가 좋고 출퇴근 칼같이해서 좋았음 휴가 따박따박 챙겨주고","다른 부서는 모르겠지만 신부서이고 본사에서 떨어져나와있는지라 본사의 혜택을 많이 못받고 체계가 안잡혀있음","체계적인 업무진행을 위한 기초체계를 잘잡아갔으면좋겠습니다"
"""자본이 빵빵한 스타트업 같은 느낌. 타 기업에 비해 자유롭긴 하나 사내정치 존재""","남부럽지 않은 연봉/복지, 자유로운 기업문화, 대외적 이미지까지 한국에서 다섯 손가락 안에 들만함","국내 고객 포화로 통신업에서 더이상의 성장은 어려우므로, 새로운 활로를 개척하려 함. 하지만 제조 분야 사업은 기반이 없고, 모바일 사업에선 높은 수익을 기대하기 어려움. 현실이 이러한데 아직 과거의 영광에 젖어 '우리가 겨우 이런 스케일의 사업을 해?'라는 마인드를 가진 경영진 다수 존재","잘나갔던 과거는 과거로 묻어두고 미래를 직시할 필요가 있음. 그리고 막대한 자금력으로 사업 뺏어먹기가 아닌 퍼스트 무버로써의 역할을 하길."
"""다양한 직군을 경험할 수 있는 기업. 업계 최고 자부심""","직급이 없이 모두 매니저로 호칭 수평적인 분위기를 지향
높은 연봉","위에 언급한 것 처럼 직급 없이 모두 매니저로 호칭하여 수평적인 분위기를 지향하지만, 모든 부서가 그런 것은 아님
업무 배치 전 지역 순환","지금도 좋지만 좀 더 건강한 기업이 되기 위한 노력이 필요
좀 더 유연한 조직 문화가 있으면 더욱 좋겠다"
"""높은 연봉과 비교적 안정적인 통신업 기반 위에서 일할 수 있는 곳.""","통신업에 안주하지 않고 여러 사업을 지속해서 추진해나가는 모습을 보고 기대가 되었다. 비교적 자유분방한 회사 분위기도 좋았다.","스타트업을 모방하고 따라가려고 하지만 대기업은 대기업이다. 수직적 의사소통과 팀 간 소통부재는 고쳐야 한다.","이번에 좌절된 데에 굴하지 않고, 내부개발과 더불어 끊임없는 M&A를 추진해나갔으면 좋겠다."
"""무선통신 사업의 1등 기업으로 오랜 시간 M/S 50%를 유지하는 등 많은 성과를 내고 있고, 구성원들의 회사에 대한 자부심과 만족도는 높음""","업계 최고 수준의 연봉과 다양한 복지 혜택(의료비, 선복비, 통신비 등)을 제공하고 있으며 사내 체육 시설 등을 활용한 다양한 운동 프로그램 이용이 가능하여 건강 관리에 도움이 됨","오랜시간 현금흐름이 좋고 사업이 유지되는 환경에 있다보니 사내 정치가 만연하고 새로운 사업을 준비하고 시작하는 것에 대한 추진력이 떨어짐. 눈치보기, 일 미루기, 광 팔기 등 다양한 전투력을 가지고 있는 사람들이 많음","변화를 추진하려면 전체 회사가 one voice로 움직여야 함. 이에 투명한 사내 커뮤니케이션을 진행하고 경영성과, 전략, 목표 등에 대한 지속적인 update를 통해서 구성원들이 현재의 상황과 비전을 공유할 수 있는 문화를 만들어야 함"
"""뛰어난 인재들 각자가 하나의 중소기업처럼 일하는 곳. 대외 이미지에 비해 본사 직원들의 연령층은 상당히 높음.""","본사의 복지시설이 매우 뛰어나며 복리후생 제도가 잘 되어 있음. 매니저급일 경우 개개인이 자유로운 분위기에서 업무 진행이 가능함. 보고서 작업이 많지 않음. SK그룹 차원의 프로젝트에 조인하는 경우가 많아 큰 규모의 사업에 참여할 기회가 주어짐.","전략기획 작업진행시 컨설턴트 의존도가 매우 높음. 업무내용을 문서화하여 공유하는 시스템이 없어 구전에 의지해야 하며, 담당자 퇴사시 자료가 사라질 위험이 큼. 팀장급의 경우 업무강도가 높고 업무량이 매우 많음.","본사에서도 정년퇴직할 수 있는 직장문화가 정착되길 바랍니다."
"""통신시장의 포화상태로 새로운 먹거리를 찾아다니고 있는 상황""","통신업체 1위라는 자부심, 그리고 만족도 높은 연봉이 있다","통신시장이 과포화되서 새로운 먹거리를 찾고있다. 대부분 부정적이지만 이것은 통신업계 모두의 문제이다","신사업에 대한 열정은 좋지만 조금 더 시장을 구체적으로 직접 파악하고 추진하는것이 필요"
"""급여 복지는 좋으나 업무강도 및 야근 빈번하여 급여가 적게 느껴질 때도""","급여 및 복지가 뛰어나고 근무환경 사무실이 깨끗하고 좋음","내부순환제로 업무에 대한 전문성을 갖기 어려워 텔레콤 외 이직이 어려움","핵심인재에 대한 육성 및 지원 업무적 커리어를 쌓을 수 있는 기회를 주었으면 함"
"""타 기업에 비해 수평적을 지향하며 자유도가 높은 편임.""","교육기회가 상대적으로 잘 보장되며, 복지또한 타 기업에 비해 훌륭한 수준. 수평적인 조직문화로 인한 자유로운 의견 제시 가능.","보고를 위한 보고 문화가 있으며, 개개인이 담당하고 있는 업무가 수시로 바뀌는 것에 비해 업데이트가 느려 담당자를 찾는 것이 어려움.","신규사업에 대한 적극적인 투자 및 과감한 실행을 해야 할 것으로 판단."
"""최고 통신사에서 일하면서 보고 느끼는게 많음 대기업이다보니 문화가좋음""","기업문화는 정말 최고 국내 어느 기업과 비교해봐도 전혀 꿇리지않음","매니저제도라는 제도를 도입해 모든 직급이 매니저로 바뀜에 있어 상하관계가 불명확함","이미 최고의 자리에 있지만 더욱더 발전해 혁신을 이끌어나아가주십시오"
"""좋은 급여 조건과 워크 라이프 밸런스가 갖춰진 직장입니다""","수평적인 문화 덕분에 아이디어가 생기면 바로바로 건의 가능","겉에서 알려진 것보다 생각보다는 보수적인 문화를 가지고 있습니다.","조금 더 공격적인 경영을 통한 혁신이 약간은 필요해보입니다"
"""나쁘지않은 연봉과 을지로 근무가 매력적입니다.기업문화도 수평적""","안정적인 비즈니스와 직원들을 쪼으지않는기업문화가 좋습니다.","공무원적인 보고서위주의 기업문화가 혁신을 방해합니다.무능한직책자들도.","철저하게 관리를 해서 기업의 리소스가 빠져나가지 않도록해주세요"
"""본사와 현장의 차이가 있지만 대체로 소통과 창의성, 도전, 실행력을 강조하는 분위기임. 매니저 직책이 대표적인 예. 다만 영업마케팅의 경우는 아직 전형적인 회사 분위기를 벗어나지 못함. 내부적인 경쟁도 치열함.""","최고 수준의 연봉과 복지는 인정함. 그리고 경쟁에 익숙한 사람에게는 충분한 기회가 보장됨.","보고서로 시작해서 보고서로 끝나는 문화는 피곤함. 새로운 성장동력에 대한 갈증과 가시적인 성과 미비로 인한 영업 압박. 업무 강도 꽤 있음. 야근을 당연하게 생각하는 문화가 있음.","지나친 경쟁과 성과주의로 현장 단위에서 중장기적인 업무 수행이 불가함."
"""많이 주는 만큼 많이 일하는 회사. 그치만 꼭 많이 일해야 많이 주는건 아닌 것 같은 아리송한 회사.""","상대적으로 수평적 문화. 고연차와 저연차 간의 업무 중요도 차이가 크게 나지 않음.","소속된 팀에 따라 업무만족도가 매우 차이남. 팀 분위기가 일하는 사람에게 일을 얹어주는 분위기라면 헬게이트 오픈. 팀장이나 PL이 일하지 않는 사람을 배척하는 분위기라면 꽤 만족할 수 있음.","지나친 목표 설정은 구성원과 유통망 모두를 망칩니다."
"""8 to 12, 주말 없음, 24시간 전화 대기하는 삶""","보기 드문 수평적인 문화, 상명하복 없고 높건 낮건 다 같은 매니저, 착하고 유한 사람들, 높은 연봉과 복지, 연차 눈치안보고 쓸 수 있음. 휴가를 통한 리프레쉬와 자기계발을 권장하는 회사.
특히 복지제도가 다양하고 직원들을 위한 것이 많으며 연봉 수준은 업계 탑으로 돈에 대한 걱정 없이 다닐 수 있음.","근무 시간이 너무 길고 근무 강도가 쎔. 본사/타직군은 안그런데 마케팅 현장은 하루 12시간 미만 근무가 없음.
대리점이 문을 열고 있는 한, 언제 어디서나 승인요청과 문의전화가 오므로 365일 24시간 근무 대기. 1시간이라도 연락안되면 연락 안되는 마케터라고 욕먹음.","장기적 안목, 고객지향, 소소한 업무 비효율 개선할 수 있는 건의 창구"
"""대한민국의 확실한 탑티어.
높은 연봉과 폭 넓은 복지 등""","비즈니스 캐쥬얼, 운동화, 매니저문화, 체계적인 경영지원 체계
불필요한 회식 없음
후발 주자들에 대한 경쟁의식 자체가 거의 없음. 언제든 마음먹으면 50%의 MS 달성할 수 있다고 생각함","개인주의 문화 팽배. 잘난 사람들이 너무 많음
가령, 000을 이번에 시작하자고 하면
A매니저: 000은 저번에 해보려고 했는데 말아먹어서 안되고,
B매니저: 000은 다른 회사가 하고 있는데 별로라서 안되고,
C매니저: 000은 그냥 하면 망함

결국 실행이 안됨","업에 대한 새로운 정의를 통해서 가치플랫폼 한다는건 알겠는데, 결국 뭐하겠다는 건지 모르겠음"
"""업무에서 최고 돈 많이 줌 좋은 인식이 있음""","편안한 분위기 젊은 분위기 옷차림도 자유로움 스마트한 느낌","일이 빡셈 솔직히 널널하다고 할 수는 없음 그리고 잘난척하는 상사들이 많은 것 같다 그래서 힘들다","신입 너무 빡세게 굴리는 것 같다 일한만큼 받음"
"""업무가 까다로운 편은 아니나 스트레스 심함..오래일하기는 힘듬""","야근없음, 여직원이 많아 여자들을 위한 복지는 잘 되어있는편임","스트레스로 인한 퇴사자들 많음, 여자들사이에 적응을 잘해야함","계속 전화받는게 쉬운일이 아닌데 쉬는시간이 너무 짧음.."
"""텔레마케터 영업직이라는 직군 특성 그리고 해당지점의 기업문화특성상 낮은실적=인간대우받기 힘들다.""","대기업계열인만큼 가장 낮은 서비스영업직군이지만 최소한의 복지혜택도 누릴수있다. 3개월 이상 근무시 통신비지원","기업문화개선이 가장 시급하다. 입사 시 3개월이내 퇴사율이 80프로라고 했는데 왜그런지 몸소 체험한 바. 사람을 미치게 만드는 곳","무조건 불도저식의 밀어붙임이 아닌 직원들과 함께하는 동반경영을 했으면. 이직률이 높은것이 놀라운 사실도 아닐지경"
"""Work & life 밸런스가 중요한 사람에겐 비추천.""","상사에 따라 다르나 대부분 초과근무 등록 가능. 높은 페이와 (나름) 수평적 조직구조","조작구조가 수평적인 편이라곤 하나 어쩔수없이 존재하는 수직적 분위기가 있음. 일과 삶의 균형이 종종 깨질수 있음","지나친 인력감축으로 인해 업무가 너무 과중한 편임. 인력 증축이 필요하다고 생각함"
"""기업 자체 분위기가매우좋음 수평적관계""","복지 최고수준, 아이디어를 편ㅇ하게 낼수 있음 그러므로
사내 분위기가 무겁지 않아서 좋음","시스템상 문제, 절차가 복잡하고 이미정해진것을바꾸기힘듦.
이러한점은 단점이라고볼수있음.","경영진이 어떤 문제에 대한 정확한 파악을 못하는 것 같아보임
문제이씀"
"""업무 환경 좋음. 하지만, 업무 배분이 효율적이지 못함""","업무에 집중할 수 있는 환경이 잘갖춰짐
급여 부분에 만족","딱딱한 조직문화가 아직도 남아있음
부서별로 상이하나 술자리가 많음","라인 문화를 개선하길 바람
소통이 더욱 활발한 조직문화 바람"
"""skt는 sk 계열사중 단연 top이라 하겠습니다.""","높은 연봉과 높은 성과금 및 복지제도로 많은 돈을 벌 수 있습니다.","기업이 공짜로 돈을 주지는 않습니다. 그만큼 빡시게 일해야 합니다.","돈을 좀 줄이더라도 일을 좀 줄여줬으면..........."
"""연봉은 진짜 많고, 복지는 최고입니다. 다양한 개발 기회를 주는 곳""","높은 연봉과 다양한 복지로 직원들에게는 좋은 회사입니다. 또한 MBA 등 다양한 기회를 통해 직원들에게 발전을 기회를 제공하고 있습니다.","몇년 전 부터 회사의 위기라는 말이 많이 있습니다. 통신외의 새로운 사업으로 변경을 시도하지만 딱히 좋은 결과를 얻어오지는 못하는 것 같습니다.","다양한 인재 확보를 통해 새로운 비지니스를 얻어내길 기대합니다. 최고 통신회사의 위용을 유지해 주세요"
"""최고의 복지, 최고의 연봉 수준으로 큰 기대를 하지 않고 다닌다면 최고의 직장이 될 수 있다.""","조직별로 차이가 있지만 대체적으로 수평적인 문화, 높지 않은 근무 강도와 국내 최고 수준의 복지와 처우가 장점이다.","비효율적인 회의가 많으며, 관리 위주의 업무만 하기 때문에 실무를 익히기에는 부족한 면이 있다. 조직 측면에서 분사가 자주 일어나는 점도 단점 중에 하나이다.","멜론, 플래닛, m&c 등 잘 나가는 사업을 분사시키는 경우가 많은데 조금 더 구성원 입장을 생각할 필요가 있다."
"""지방근무로 비효율이 있음. 일하는 사람 일하고 노는 사람 노는 분위기 있음. 팀끼리 으쌰으쌰 심함""","급여가 좋음. 급여만 보고 일하면 둘도 없이 좋은 회사. 지방에서 4~5년 있으면 본사 근무 가능(본사 근무시 워크앤라이프발란스가 좋다고 들었음)","대리점 관리로 술 많이 먹어야 함. 못해도 술먹고 으쌰으쌰 잘해도 술먹고 으쌰으쌰.
통신업 미래가 없다고 생각함. 그래서 플래폼 사업을 확장할려고 노력 중","적극적으로 신규 수익 사업 개척하고, 윗선에서 감당하고 그런 것이 필요하다고 들었음"
"""본인의 능력을 키우고 싶다면 괜찮은 곳""","좋은 복지와 발전하기 좋은 환경이라 신입에게 추천합니다","보수적인 사내분위기라서 약간 어려운 부분이있다고 봄..","너무 보수적인 태도만 바꿨으면 좋겠다는 생각"
"""높은 임금. 망하지 않을 이동통신 비즈니스. 이것저것 새로운걸 시도하지만 쉽지 않음.""","급여가 매우 높고 직원들을 위한 복리수준도 매우 높음. 직원들의 스펙이 좋고 똑똑한 직원들이 많음.","paper work이 너무 많음. 이동통신 1위업체이다 보니 정부 규제가 너무 많아서 창의성과 성장에 제한.","냉정하고 객관적인 성과평가에 따른 보상이 이루어지면 더 좋을것임. 특히 임원의 경우 성과와 능력보다는 그룹이 영향력, 각종 인연 등이 더 좌우하는 듯."
"""마켓 탑 수준의 교육과 수평적인 사내 제도로 인해 이직률이 낮고 들어오려는 사람이 많음.오면 좋음""","마켓 탑 수준 복지와 연봉을 기대할 수 있습니다. 다른 통신사들의 비해 좀 더 자유로운 것을 느낄 수 있음
시장 1위라는 것에 대한 자부심과 sktiEn의 프라이드를 느낄 수 있음","기업 특성 상 발전이 많이 없음 주가시장에서도 보이다시피 통신주이니많큼 십년째 제자리 걸음은 물론 기존고객 확보에 힘쓸 수 밖에 없음","좀 더 명확한 비전과 장기적 목표의식을 구성원들에게 심어 줄 필요가 있는 듯 합니다
매니저 pl 임원이라는 제도를 통해 수평적인 사내 문화를 가지고 있지만 그만큼 inefficient한 요소도 있는 것 같습니다"
"""급여 박봉.. 수당붙어도 170넘기힘듬 ㅜ 환경은 좋음""","사무실분위기 쾌적합니다. 구내식당도 싸고 맛있고 생활하기에는 정말 좋아요","급여 박봉..너무 심해요 연봉 요즘 그나마 높게 올려서 공고뜨던데 실질적으로 그 급여 받기란 너무 힘들듯..","급여개선이꼭 필요해요 회사주변환경이나 사무실환경은 좋지만 다른회사랑 비교했을때 특별하진않은데 급여가 너무 심합니다
수당안붙고 세전 금액이면 정말 노답이예요~"
"""개인의 발전가능성은 높지않지만, 복지가 훌륭하고 동종업계 중 상위권 연봉을 받을 수 있다""","만족스러운 연봉, 복지혜택 (여성을 위한 복지혜택도 많아 여성이 다니기에도 괜찮은 회사임)","평가에 따라 인센티브 차이가 많이나는데 평가의 공정성이 없음. 기준도 불투명함. 조직 이동 및 분사 이슈가 너무 잦아 불안정함","의사결정을 확실히 내려줬으면 좋겠음. 그리고 단기간에 성과가날 것이 아니라 미래를 위해 과감하게 투자도 했으면 좋겠음"
"""열린문화와 편안한 분위기에서 근무할 수 있는 곳""","상하간의 의사소통이 자연스럽고 편안한 분위기에서 일을 할 수 있었습니다.","단점을 굳이 꼽자면, 개인에게 할당된 책임이 생각보다 많다는 것입니다.","직원들의 불만을 해결하려는 모습을 보여주시면 좋을것같아요"
"""연봉대비 가장 편하게 일할 수 있는 곳
꿀
개인의 경쟁력 관점에서 성장성은 글쎄요...""","고연봉이나 업무로드 매우 낮다
저연차 연봉은 삼성급인데 삼성의 1/3 정도 빡셈","전형적인 대기업 문화로써 하청업체 관리 중심으로 성장함
개인의 경쟁력이 갈수록 함몰되어 어느 시점이 지나 안주하다가 안좋은 상황에서 벗어나기기 매우 힘들어짐","신규 사업을 할거면 제대로 된 방향성과 투자를 했으면..."
"""연봉 복지 업계 최상위 수준. 영업 압박 및 야근 압박 최상위 수준.""","상호간 매니저라 부르는 수평적 조직 문화가 좋음. 연봉 복지 너무 좋음. 3-5년간 한 직무 근무하고 타 직무 타 부서로 옮기는거 가능.","하루종일 사무 내근 직으로 몸이 병들어 간다..막내한테 업무 대부분이 몰려서 초반이 너무 힘들다. 야근 빡심.","경쟁사에 비해서 압도적인 리딩 전략을 세워주길. 그리고 통신료 가격좀 낮춰줘 --"
"""사내 문화, 복지, 급여 등 장점이 있지만 직무 만족도는 살짝 아쉬움""","수평적인 문화를 지향하고 복지나 급여 등에서 어느정도 안팎의 긍정적인 평가가 일치함","수평적인 분위기로 미팅, 업무 과정에서 사공이 많은 상황 발생, 외국계 기업만큼 업무의 자유로움과 복지로 잘못 이미지를 형성하는 구직자들이 있는데 시장을 바라보고 업무를 보는데는 상당히 보수적이고 고지식한 부분이 있음(매뉴얼, 가이드라인)","업무가 결코 즐겁거나 널럴하진 않지만 여느 회사보단 장점이 많은 좋은 회사라고 생각, 개인적으로 느끼는 점은 강력한 추진력이 살짝 부족하다는 느낌이 있음."
"""서비스직에 대한 궁금함을 얻고 싶으시다면 추천합니다. 솔까 처음은 많이 힘들어요 직무지식도 쌓아야 하고 응대도 해야하는 부분이 많아서이죠""","일단 저희는 실적에 대한 압박은 크게 받지 않고 있는 상태입니다 다른데와는 다르게 가족처럼 화목하다고 느낄만큼 저는 그 부분에 만족합니다","단순잔업무가 많아요 사람들은 흔하게 생각 못 하는 부분도 없지 않아 많이 있는것 같기도 하구요 응대하다가 고객들이 잔소리쓴소리 언성을 높이면 저도 따라 화내고 싶은점이잇는거 같기도... 그리고 퇴근은 좀 늦은편인것 같네요","직원들의 복지를 조금 더 늘려줬으면 좋겠어요 점심시간이라도 정해두든, 아니면 제발 직원수를 늘려주세요!!"
"""여성이 다니기에 최적의 대기업. 각종 복리혜택과 근무 환경 측면에서 최고의 회사라고 생각합니다.""","무엇보다 동종업계, 동종직무 대비 가장 높은 연봉 수준이 최고 장점일 것 같습니다. 자기계별비가 연간 200만원 이상 지원이 되었고 다양한 문화생활, 도서구입 등 폭넓게 사용할 수 있어 연봉을 더 받는 것과 유사했습니다. 본사 근무 시 운동시설, 질 높은 사내 식당 등의 복지도 빼 놓을 수 없고, 어린이집이 사내에 있어 아이 있는 여성의 경우 최고의 회사라고 할 수 있을 것 같습니다.","승진 누적이 되어 있는점은 어느 대기업이나 마찬가지가 아닐까 싶습니다. 제가 퇴사한 이후 연봉수준이 다소 내려간 것으로 보였습니다. 분사 등의 이슈가 단점이 될 수 있을 듯 하며 최고경영진의 이슈도 있겠으나 실무에 미치는 영향은 크지 않은 것 같습니다.","최고 경영진의 도덕성, 윤리성 등이 사회적으로 논란이 되지 않으면 더욱 좋겠습니다."
"""개발자에 대한 대우가 좋은 편. QA에 대한 평가는 낮다. 업무처리 과정이 피곤한 편이다.""","사내복지를 나쁘지 않은 편이다. 연차나 휴가계획을 세우는 데 있어 눈치를 크게 주는편은 아님. 자기계발하기에 좋은 환경.","업무처리 과정이 피곤한 편이다. 단순업무에 보고절차가 과도하게 많다. 자기성과를 드러내기 위해 소모적인 작업이 많은 편.","보고체계 단순화와 사원들이 편히 일할 수 있도록 신경 써 주시길."
"""대기업이라서 사원증을 매고 뽐낼 수 있음.""","대기업이라 자부심을 가질 수 있음.
대기업이라서 사원증을 매고 뽐낼 수 있음.","야근이 잦고 여성의 복지가 좋지 않음.
퇴근이 늦은 시간이라 힘들었음.","복지 개선을 더 해줬으면 좋겠다.
연봉을 더 올려줬으면 좋겠다."
"""수평적 조직문화, 복지, 근무환경은 매우 훌륭하다.
다만 자신의 일을 전문적으로 하고싶다면 마지막직장으로 택하길 바란다""","스평적 구조, 자유로운 분위기 사람들은 좋다, 복리후생도 나쁘지 않은편","보고를 위한 보고서에 시간 투자가 많다 혁신과 변화를 추구하나 그러기엔 이미 늦은듯. 통신으로 먹고살고있으나 새로운 플랫폼에 대한 전문적이지 못하다","시대에 뒤떨어진 발상. 이미 다 성공한 비지니스모델과 사업 아이템을 왜 두발늦게 시작하는지.. 늦어도 너무 늦다."
"""높은 급여와 쾌적한 근무환경 자유로운 분위기가 있음.""","팀마다 좀 다르긴하나 휴가를 길게 갈 수 있음. 자기계발에 지원되는 비용이 따로 있고 쓸수 있음 .","업무 자체를 전문적으로 할 줄 아는 사람이 드물어서 조직내에서 전문성을 기르기는 힘든 측며이 있음","전문가로서 성장할 수 있는 시스템을 구축하는것이 직원에게 많은 도움과 동기부여가 될것임"
"""구성원 복지와 급여가 국내 최고인 회사이며, 각종 글로벌 교육 기회가 많음""","국내 이동통신 부동의 1위로 에스케이 그룹내 캐시카우로 현금자산 보유 최고 및 연 매출 12조 이상","조직의 변화가 잦고 빠르며 그로벌 역량을 갖추어야 성장가능성 있음
기본적인 개인 업무량 많음","일관되고 장기적인 신사업 육성의 지속 경영이 필요하고 비수익성 사업은 오래 못버팀"
"""현재 최고점을 찍고 트랜스포메이션을 하기위해 약간 하락세 그러나 타 기업에 비해 안정적""","자유로운 분위기가 있으나 부서별로 약간 다르며 약간 남초 회사. 전체적으로 전산화되어있고 딱딱하지 만은 않음.","보고서 회의가 너무 많아 일을 하기가 힘듬. 부서 간 소통이 잘되는 편은 아니며 너무 전산화를 추구하는 나머지 실제 업무에 발목을 잡고 의사결정이 늦어지는 프로세스가 많음","정확한 회사 방향을 설정했으면 전략 방향을 꾸준히 추진하면 좋겠고 매출도 중요하지만 전환의 토양을 다지는 것도 중요함"
"""팀마다 다르겠지만 자유로운 팀 분위기에 칼퇴. 만족할만한 연봉과 자율성이 높게 나타나는 곳.""","오전 식사 제공. 만족할만한 연봉. 통신요금 복지의 쏠쏠함.","오랜 시간을 이곳에서 보낸 차장/부장이 많다. 생각보다 기업 내 소통의 부재가 크고 시간들여 기획해도 쉽게 버려지거나 접어지는 사업이 많다.","적은 인원으로 고효율을 바라지말고 인력 충원도 때로는 필요하다."
"""과거가 좋았던 기업이라고 평가하고 싶다. 미래가 좋을 것인가에 대해서는 다소 의구심이 남는 회사일 수도 있다고 생각한다.""","내수 기업으로서 이동통신사업권이라는 높은 장벽으로 인하여 보장받은 수익성으로 높은 급여를 받을 수 있는 것이 가장 큰 장점이 아닌지?","당장의 급여는 대한민국 최고이나, 외부에서 보는 것보다는 전문성을 갖출 수 있는 분야가 한정되어 있지 않은가요?","투자다운 투자를 하는 대한민국을 선도하는 기업이 되어 주시길 ..."
"""구성원 간의 관계를 중요시하며, 성과에 대한 평가가 이루어지는 기업문화""","구성원의 행복을 중요시하는 문화가 저변에 깔려있고, 새로운 시도를 위해 노력하는 분위기.","보고서 작업이 은근히 많고, 때로는 수직적인 느낌을 받을 때가 있음.","여러 방면에서 새로운 플랫폼 사업에 대한 노력을 하고 있지만, 새로운 분야라서 그런지 방향을 잘 잡고 있지는 못하는 듯.. CEO님의 인사이트는 매우 뛰어나나 그 아래 임원들까지 전달되는지는 의심스러움"
"""개발 쪽 대우는 그럭저럭 괜찬은 편에 속하는 곳으로 생각됨.""","생각보다 해야하는 일이 조금 많고 눈치 보는 일은 많이 없음","내 자신이 크는 기분은 아님. 성취감이 크게 작용하는 회사은 아님","안일하게 고객뺏기에 열중적인 태도를 보임에따라 일하면서 보람 보다는 호됨만 마니 느낌"
"""대한민국 탑티어에 들어가는 회사임에는 틀림없다. 하지만 10년 후에는 잘 모르겠음""","매니저 문화, 비즈니스 캐쥬얼(운동화 신고 다니는 사람들이 더 많음), 점심회식 등","똑똑한 사람들이 많아서 새로운 업무 추진이 늦음.
누가 A를 하자고 이야기하면, A는 이래서 안되고, 저래서 안되고...
다른 사람이 B를 하자고 이야기하면, B는 이렇고 저렇고.. 결국 안되고
결국 아무것도 안됨","캐쉬카우에 만족하지 말고 새로운 성장동력 찾으시길"
"""엄청난 고객과 캐쉬카우로 월급걱정 없이 다닐 수 있는 회사.""","여유릅고 풍족한 복지. 업계 최상의 근무조건과 월급. 브랜드 파워등 누구나 다니고 싶어하는 기업입니다.","다만 조직이 너무 크고 방대하다보니 의사결정이 느리고 서로 고과챙기기 경쟁등의 문제가 종종 있습니다.","구성원 개개인이 좀 더 발전할 수 있는 환경. 하청보다는 회사 자체 솔루션 개발이 이루어젔으면 합니다."
"""국내 대기업 중 최고. 복지 분위기 연봉 등 전 영역 만족""","비교적 합리적인 분위기이며 휴가도 원하는대로 사용가능함","부서별로 케이스 바이 케이스인 경우가 많은점이 단점이라고 볼 수 있다","공정한 성과보상 체계 필요. 무조건 혁신만을 외치는 것이 답이 아닐 수도"
"""통신업계 최고의 회사. 확실한 복지에 보수지만 그만큼 일을 해야함""","탄탄한 교육 지원 및 자기계발비 지원, 수평적인 문화, 확실한 복지","통신산업은 사양산업임, 성과에 대한 압박 및 경쟁(삼성을 닮아가는 듯)","성과지향적인 분위기 조성을 줄였으면 좋겠고, 인간적인 문화 조성 필요"
"""매니저라는 직급이기 때문에 자유롭게 의견을 낼 수 있는 회사.
신입 사원도 팀장에게 자유롭게 자신의 의견을 낼 수 있음.""","타기업에 비해 우수한 복지와 급여수준이 높음.
자유로운 기업문화가 있기 때문에 편한 복장으로 출근.","MNO사업에서 벗어나 새로운 사업을 시도하고 있지만 큰 성과를 거두지는 못하고 있음.","솔루션 분야에 진출하고 있는데 SK텔레콤만의 독자적인 상품 개발이 필요.
상품 경쟁력을 키우는것이 관건."
"""SKTelecom 본사에서 열심히 목표를 향하여 일할수 있었고 최고의 업계에서 일을 하며 인바운드 상담업무
지식을 매우 높게 습득 하였습니다.""","대기업이기에 자부심을 느낄 수 있었으며, 무엇보다 복지제도가 무척 좋았고 급여 부분도 매우 만족했으며
경조사 휴가 및 가족같은 분위기가 매우 좋았습니다.","고객분들께 무조건 죄송합니다 라는 마인드와 하루 콜량의 부담감","무조건 고객에게 죄송하다는 마인드를 고치고 좀 더 상담원들의 인격을 존중해주는 쪽으로 개선이 되었으면 좋겠습니다."
"""현존하는 최고의 기업이라고 자부합니다. 비교불가 SK맨""","현재는 좀 떨어졌지만 복지와 연봉 업무 등 여전히 국내 최고","일에 대한 처리 기대가 높아 업무가 다소 버거울수 있음","경쟁이 치열하지만 치열함 속에도 직원이 롱런하고 걍쟁에 이길수 있는 환경이 필요해보임"
"""지금은 만족하지만 3년 후에도 만족할지 지속적으로 고민이 되는 회사""","문화가 정말 좋음. 복지 및 연봉은 동년차에서 상당히 높은 수준이라고 생각함.","새로운 서비스를 시도하지만, 과거 대규모 capex 투자를 하던 성향이 있어 쉽지 않음","미래에 대한 비전을 확실하게 가지고 회사를 경영했으면 좋겠습니다. 당장 1년후에 어떤 비전을 가지고 있는지도 모르겠습니다"
"""편한 분위기에서 일 할 수 있음. 다른 기업에 비해 수평적 자유로운 사고.""","분위기가 자유롭고 보수적이지 않음. 높은 연봉과 자유로운 복장. 능력만 있다면 다른 요소들에는 너그러운편.","학벌위주. 자유로운 분위기에 비해 소통을 통한 의견공유도는 낮은 편.","모든 직원에게 다양한 의견을 듣고 수용하는는 것."
"""사람을 극한으로 밀어넣어 결과물을 뽑아낸다는 느낌을 받음 업무강도와 스트레스는 심했지만 연봉과복지가 위로해줌""","복지나 사내문화는 최강인듯 다른회사에비해 이런점은 여유롭다고 생각함","개인 능력위주이므로 경쟁과 성과가 끝없는거같다업무강도도 센편이고","사업확장을 하려하지만 계속 실패하는것같아 아쉬움 새로운 먹거리가 필요한 시점이긴 한둣"
"BEST
""통신업계 최고의 1인자답게 화려한 복지시스템이 가능할 수 있는 인프라로 전반적으로 안정적인 사내 분위기는 맞으나, 실제 속보다 겉에서 보여지는 이미지가 잘 포장되어 있는 것은 확실.""","팀장 아래 매니저 직급으로 통일되어 수평적인 조직 분위기를 추구한다면 만족하며 적응할 수 있음. 그만큼 눈치를 덜 보고 아이디어를 자유롭게 개진할 수 있음.","마케팅 측면에서 점유율에 크게 집착하는 성향이 존재함. 마케팅 방식은 전체적으로 보수적인 성향이 강해서 답답함이 느껴질 수도 있음. 장기고객을 많이 유지해야 하는 압박감에서 크게 벗어나지 못하기 때문으로 사료됨.","다소 경직되어있는 경영 방식을 조금 더 완화하여 혁신하는 방향으로 개선해주었으면. 직원 교육 시스템이 더욱 유연하고 활발하게 작동하게끔 해주었으면."
"""비교적 수평적 문화와 높은 연봉 및 복리후생""","자율성 창의성 강조하는 문화
비교적 수평적이고 자유로운 분위기
높은 연봉 복리후생","높은 업무 강도
신사업 및 해외사업 부진
역삼각형 인력구조","겉으로는 혁신과 창의성 강조하나 실제로는 한국기업의 병패를 가지고 있음 실질적인 변화 필요"
"""최고의 복지, 근무 조건 그러나 지나친 성과주의""","1. 야근 수당이 쎄다.
2. 사원들의 복지 혜택이 우수하다.
3. 최고의 통신사라는 자부심
4. 유연한 사내 분위기","1. 지나친 성과주의
2. 잦은 회식(업무 특성상)
3. 업무와 삶의 균형은 좋진 않음.","새로운 사업방향을 구체적으로 제시해주었으면 좋겠다."
"BEST
""수년간 무선통신분야 1위 사업자로 확실한 BM과 안정적인 cash flow를 보유한 회사. 다만, 새로운 사업이나 시도는 그리 성공적이지 못한 곳.""","저녁이 있는 삶이 있는 곳. 직급이 팀장 이하 모두 매니저로 수평적이고 매우 개인적인 분위기라 눈치보지 않고 퇴근이 가능. 또한 강도높지 않은 업무량에 비해 매우 높은 수준의 연봉과 복지혜택 제공.","현상태 유지가 모토라 새로운 시도나 모험을 좋아하는 사람들에게는 매우 불만족스러울 수 있음. 정치가 심해 실제 일에 집중하는 사람들에게는 고통스러울 수 있는 회사.","새로운 아이디어나 시도에 대해 ROI를 떠지기보다는 좀 더 열린 시각으로 받아들였으면 좋겠습니다."
"""복지와 연봉은 최상급, 그러나 멈춰져있는 기분은 왜일까""","업무 분담 체계가 확실하여 자신만의 분야를 쌓을 수 있음.
근무 환경 및 복장이 자유로우며 편안함","업무 분담 체계가 확실하여 자신만의 분야를 쌓을 수 있지만, 그만큼 다른 분야로 이직하기 어려움
일 잘하는 사람에게 넘쳐나는 일","미래의 10년 후에는 어떻게 될 것인지..? 앞으로의 산업 분야를 창출해야하지 않을까?"
"""높은 급여와 역량있는 직원들이 많이 모여 있고, 서비스마인드를배울수있는곳입니다 마지막으로 인바운드의 최고를 경험수있는곳이라고 생각하네요""","정말 서비스 마인드를 배우기에는 더할나위 없이 좋습니다!
근무환경이 매우 뛰어나며 복리후생적인 부분이 잘되어 있음","잦은 야근과 그리고 고객과 소통을 하면서 알게 모르게 스트레스를 받게 되더라고요","복리후생적인 부분은 정말로 감사했었습니다"
"""누구나 알만하고 들어가고 싶은 기업, 업계 1위라 할 수 있는 기업.""","자기 계발비 , 식대 , 등등 복지가 좋고 자유로운 분위기","비효율적인 업무 시스템, 자유롭지 못한 퇴근.. 업무스트레스","꼰대 문화를 없애고 , 직원들의 의견을 잘 들어 주었으면 좋겠다."
"""최고의 근무환경. 복지. 합리적인 업무프로세스. 체계적인 업무분장.""","회사내에 또라이없음. 일하는데 있어서 대부분 젠틀하고 상식적임. SK인성검사가 효율적인듯..","평가에 대한 스트레스 받는이들 주변에서 종종 봄... 내향적인 사람은 적응하기 힘든 외향성요구","보안에 대한 경계 너무 심하여 노이로제 걸림....."
"""국내 최고의 근무 환경에서 일한 만큼 보상 받을 수 있는 곳, 다만 기존 수익 모델 자체가 너무 안정적이라, 신규 사업 성과에 한계가 있어 보임.""","국내 최고 연봉, 최고 복지, 최고 환경, 최고 기업문화에서 일 할 수 있음.
삼성전자와의 차이는 글로벌 브랜드 유무 차이임.
다른 부분은 오히려 SKT가 더 나아 보임.","마케팅이든 네트워크든 관리 직무가 대두분이라, 본인이 노력 안하면, 대기업 시스템 놀이만 배우게 됨. 인성적으로 훌륭한 구성원들이 대부분이지만, 엘리트 의식 및 문화가 존재해 타 회사(원)에 대해 무시하는 경향이 있음.
(회사 브랜드의 힘이지, 개인의 힘으론 비춰지지 않음..)","구성원들에게 변화와 혁신을 요구하지만, 정작 본인들은 변화와 혁신에 왜 그렇게 관대한지.."
"""개발자가 일하기엔 다른 통신사보단 보수적인면이 적어서 좋은듯하다""","환경도 좋고 기업문화도 나쁘지않아서 쾌적하게 일할수있음","어쩔수없는 야근은 아직 존재는 하는듯하나 전반적으로 자유로운듯","수익성없는모델에 너무 많은 인력을 쏟아붇는듯하다 포기할건 포기하는게 좋을듯"
"""직원들의 혜택이 많은 회사, 통신비 세이브""","직원들의 혜택이 많은 회사, 통신비 세이브 및 여러가지 복지혜택이 있음. 직원들간 분위기가 좋아서 자주 이야기 하는 분위기로 회사 업무가 진행되었음.","시간에 맞춰 바쁘게 움직이는 업무로 인해 스트레스 상승, 통신관련 업무를 하게 되면 하루종일 지역군 사이트만 돌아다니면서 움직여야 하는 업무로 피곤함.","직원들 복지혜택이 조금만 더 상승되었으면 하고, 점심시간에도 여러가지 활동으로 조금 더 친밀하게 다가왔으면 하는 바람"
"""Work & life Balance가 매우 잘 맞는 회사""","동종업계 최고 수준의 연봉 및 복지수준,
Flexible Time제,
SK 계열사가 가진 은근히 많은 혜택,
강권하지 않는 음주문화
무엇보다 중요한 Work & Life Balance","연봉은 개인별로 편차가 심함(조직 및 개인 성과에 따른)
조직마다 분위기 차이가 많이남
최근 SK 그룹의 행보로 인한 미래에 대한 불안감
성장의 정체 등","실적을 높이기 위한 비용 축소도 좋지만 IT기업에 걸맞게 R&D 투자를 더욱 많이 했으면 좋겠음"
